Pressure_psi,Flow_Lmin,Vibration,Leak_Label,State Name,Anomaly_Score,Anomaly_Label,RF_Prediction,Risk_Level
52.71680096189967,105.2969275435673,2.3923021439490118,No Leak,GUJARAT,1,Normal,No Leak,Low Risk
54.91345491972757,94.6729916033809,2.02488684359048,No Leak,TELANGANA,1,Normal,No Leak,Low Risk
40.795628843341774,99.72485094949364,2.3494142101012674,No Leak,ODISHA,1,Normal,No Leak,Low Risk
47.13168996559882,98.61544016016227,2.218369275866755,No Leak,GUJARAT,1,Normal,No Leak,Low Risk
44.376789540810655,93.07094802204092,1.618637610716893,No Leak,HARYANA,1,Normal,No Leak,Low Risk
54.678391965737305,91.125078221979,2.333156250454606,No Leak,HARYANA,1,Normal,No Leak,Low Risk
45.0519758987071,120.56207129940321,2.7098015022568185,No Leak,GUJARAT,1,Normal,No Leak,Low Risk
45.46218168979201,105.57810306351863,1.4989062721092636,No Leak,DELHI,1,Normal,No Leak,Low Risk
33.776018167354195,141.0650243996957,5.232929157144029,Leak,UTTARAKHAND,1,Normal,Leak,Medium Risk
46.08373353831882,89.78767182869287,1.4731587904268229,No Leak,HARYANA,1,Normal,No Leak,Low Risk
42.30345534730042,107.24628659150366,4.237330590314716,Leak,TELANGANA,1,Normal,Leak,Medium Risk
50.435235341190854,94.82388700963828,2.608579260412748,No Leak,ANDHRA PRADESH,1,Normal,No Leak,Low Risk
54.11585291980957,97.51308873816453,2.0071365339182172,No Leak,DELHI,1,Normal,No Leak,Low Risk
29.598363063666042,99.02763402272507,7.3847311990769695,Leak,MADHYA PRADESH,-1,Anomaly,Leak,High Risk
20.034260988428926,161.08320841429548,3.032619004969479,Leak,GOA,-1,Anomaly,Leak,High Risk
32.72041035655112,156.57866639070818,5.3447946852836115,Leak,RAJASTHAN,-1,Anomaly,Leak,High Risk
50.56758672625624,96.5134786559214,2.4824258165487287,No Leak,PUNJAB,1,Normal,No Leak,Low Risk
23.866747297733216,144.6374140857659,5.549223903264262,Leak,HARYANA,-1,Anomaly,Leak,High Risk
50.610049073226804,92.52788320852177,1.3236648570782328,No Leak,DELHI,1,Normal,No Leak,Low Risk
49.34928472816158,110.50654396007612,1.7639547111514364,No Leak,GOA,1,Normal,No Leak,Low Risk
46.9800740664209,97.75234598107316,1.1784055944229164,No Leak,PUNJAB,1,Normal,No Leak,Low Risk
51.3834539966501,95.5381656678522,1.6287647071509759,No Leak,HIMACHAL PRADESH,1,Normal,No Leak,Low Risk
52.48999145622725,102.81191423969376,0.5298056826678599,No Leak,MADHYA PRADESH,-1,Anomaly,No Leak,Medium Risk
50.24042473330691,98.55912444278384,2.557160847334436,No Leak,ANDHRA PRADESH,1,Normal,No Leak,Low Risk
52.85445255346583,113.17394065634326,1.7584694741582803,No Leak,RAJASTHAN,1,Normal,No Leak,Low Risk
53.169595111590056,115.73986763290033,2.180751762603051,No Leak,TAMIL NADU,1,Normal,No Leak,Low Risk
47.89677338617321,96.0666118767264,2.244593565073832,No Leak,GOA,1,Normal,No Leak,Low Risk
19.446022443209863,114.60007867605086,4.852749279685131,Leak,UTTARAKHAND,-1,Anomaly,Leak,High Risk
27.349532934533418,170.2454089140153,4.316200486113489,Leak,UTTAR PRADESH,-1,Anomaly,Leak,High Risk
25.481807966632463,106.97971832760986,1.4106368349191323,Leak,TAMIL NADU,-1,Anomaly,Leak,High Risk
42.75957829251338,89.03724913104799,2.1885501969510934,No Leak,MAHARASHTRA,1,Normal,No Leak,Low Risk
43.84567841783022,94.35921369263272,2.8553066862909624,No Leak,RAJASTHAN,1,Normal,No Leak,Low Risk
52.35734178567998,110.72507337309803,1.6762290971824205,No Leak,TELANGANA,1,Normal,No Leak,Low Risk
43.08600134517832,103.21697806196013,2.408944829012514,No Leak,DELHI,1,Normal,No Leak,Low Risk
50.12255087129471,107.58928589786765,2.296778361140431,No Leak,TAMIL NADU,1,Normal,No Leak,Low Risk
50.29104359223,94.28821010217203,2.538003569299299,No Leak,GUJARAT,1,Normal,No Leak,Low Risk
48.12589596225201,82.39191188019224,1.8742305569777522,No Leak,ODISHA,1,Normal,No Leak,Low Risk
50.90933127529247,107.42095372009307,0.8940690443352466,No Leak,TELANGANA,1,Normal,No Leak,Low Risk
37.74547728426289,151.81960850371934,4.490916399922348,Leak,ASSAM,-1,Anomaly,Leak,High Risk
54.877725635611796,106.32931817755511,2.5699392805645225,No Leak,ODISHA,1,Normal,No Leak,Low Risk
53.12059908526078,99.35861653407008,2.5504798174992853,No Leak,GUJARAT,1,Normal,No Leak,Low Risk
51.48060138532288,98.32881919683146,1.4998343376972127,No Leak,ASSAM,1,Normal,No Leak,Low Risk
54.12708174494015,108.70067730688754,2.3190255507203785,No Leak,ASSAM,1,Normal,No Leak,Low Risk
50.966344728239804,120.1769250571579,6.093635266609666,Leak,TAMIL NADU,-1,Anomaly,Leak,High Risk
53.14814420961806,103.46488475897992,1.8522598409854198,No Leak,JHARKHAND,1,Normal,No Leak,Low Risk
46.99891561420603,95.71884839034088,1.8953890631277361,No Leak,HARYANA,1,Normal,No Leak,Low Risk
37.37441201581802,169.2517438106159,5.110102981338048,Leak,JHARKHAND,-1,Anomaly,Leak,High Risk
45.389173379111874,105.36652752527286,1.9045481041363506,No Leak,GUJARAT,1,Normal,No Leak,Low Risk
49.722261505516904,116.28396623128538,1.1154620475554409,No Leak,MAHARASHTRA,1,Normal,No Leak,Low Risk
36.60837737153205,148.82621161534968,6.951150698434476,Leak,PUNJAB,-1,Anomaly,Leak,High Risk
50.09209189594776,98.27053940076577,2.493667258294551,No Leak,GUJARAT,1,Normal,No Leak,Low Risk
35.54334898425289,124.73103567835501,4.77520517791235,Leak,UTTARAKHAND,1,Normal,Leak,Medium Risk
49.702373219691,71.51457379369924,2.4054041365798913,No Leak,ASSAM,-1,Anomaly,No Leak,Medium Risk
42.60706877110079,93.94384460263136,3.01180310961482,No Leak,ANDHRA PRADESH,1,Normal,No Leak,Low Risk
42.87625906893272,96.37161439560342,1.665927957230503,No Leak,GOA,1,Normal,No Leak,Low Risk
46.991466938853016,86.55549488965723,2.2423664086472375,No Leak,GOA,1,Normal,No Leak,Low Risk
53.62883311949346,102.68592278863257,1.9669336926870888,No Leak,HIMACHAL PRADESH,1,Normal,No Leak,Low Risk
47.68291153593769,98.13128355838641,1.854094365542228,No Leak,RAJASTHAN,1,Normal,No Leak,Low Risk
40.66367403704126,94.26299996061421,2.038425941479384,No Leak,GUJARAT,1,Normal,No Leak,Low Risk
38.378541652971585,144.09013079649446,4.665339927019092,Leak,GOA,-1,Anomaly,Leak,High Risk
54.49799937716625,100.7863519031609,1.8706019686664488,No Leak,ANDHRA PRADESH,1,Normal,No Leak,Low Risk
55.154997612479754,114.20504247989855,2.1692419217308454,No Leak,HIMACHAL PRADESH,1,Normal,No Leak,Low Risk
52.64902088957641,104.3693816974635,2.086670832185204,No Leak,HARYANA,1,Normal,No Leak,Low Risk
69.26365745327361,94.64764788439432,2.447519157038058,No Leak,ANDHRA PRADESH,-1,Anomaly,No Leak,Medium Risk
52.067174516118506,109.96047685805816,1.5217818115909956,No Leak,PUNJAB,1,Normal,No Leak,Low Risk
44.59468336200051,94.35752401342612,2.042659071282512,No Leak,GUJARAT,1,Normal,No Leak,Low Risk
49.83623364892001,97.90976742713974,2.617891095911077,No Leak,MADHYA PRADESH,1,Normal,No Leak,Low Risk
23.893711166571347,146.96348425333338,3.9936970418633226,Leak,JHARKHAND,-1,Anomaly,Leak,High Risk
51.80697802754207,98.2305277250595,1.8805339504151528,No Leak,UTTAR PRADESH,1,Normal,No Leak,Low Risk
57.207843103289505,111.90646274786342,2.1219765989542503,No Leak,HARYANA,1,Normal,No Leak,Low Risk
50.872889064159196,107.46253566027221,2.949940967447608,No Leak,UTTAR PRADESH,1,Normal,No Leak,Low Risk
45.693578993358685,108.38490774451643,1.4305834411096154,No Leak,GUJARAT,1,Normal,No Leak,Low Risk
50.35783118609696,104.59972142939117,1.2009378240581263,No Leak,GOA,1,Normal,No Leak,Low Risk
43.60211516632149,117.72251596669744,2.210486472194695,No Leak,PUNJAB,1,Normal,No Leak,Low Risk
47.053176215278945,107.2762954363698,1.7818070547367157,No Leak,ANDHRA PRADESH,1,Normal,No Leak,Low Risk
46.88650240089703,98.03650150915021,1.9927738645608604,No Leak,TELANGANA,1,Normal,No Leak,Low Risk
48.65555654722585,102.40753179488568,1.2744121549742204,No Leak,ODISHA,1,Normal,No Leak,Low Risk
50.984306179345616,97.86011155774491,1.4662335428728634,No Leak,DELHI,1,Normal,No Leak,Low Risk
45.719580870455665,92.46582129653817,2.29427663488536,No Leak,HARYANA,1,Normal,No Leak,Low Risk
47.04214305582085,89.46584436826343,1.4366162655450974,No Leak,TELANGANA,1,Normal,No Leak,Low Risk
56.35777547497079,95.62541699676589,2.2312956464269758,No Leak,RAJASTHAN,1,Normal,No Leak,Low Risk
49.63994939209833,102.85865390724905,1.5003488838525447,No Leak,JHARKHAND,1,Normal,No Leak,Low Risk
52.31051737131635,95.06243416838687,2.697841905394978,No Leak,GUJARAT,1,Normal,No Leak,Low Risk
55.01766448946012,103.34456789987026,1.7476125393858912,No Leak,RAJASTHAN,1,Normal,No Leak,Low Risk
51.62083176244221,102.01099046714967,1.9159280907076053,No Leak,HARYANA,1,Normal,No Leak,Low Risk
51.85572936685654,86.33121301584579,1.9483726199254763,No Leak,TAMIL NADU,1,Normal,No Leak,Low Risk
39.600631651414886,122.80740655095076,5.401011700693877,Leak,ASSAM,-1,Anomaly,Leak,High Risk
49.811826487875756,99.17319314157301,2.3329621260272306,No Leak,DELHI,1,Normal,No Leak,Low Risk
55.2682089830392,91.73119645960139,1.3170221443997328,No Leak,HIMACHAL PRADESH,1,Normal,No Leak,Low Risk
53.95831346981468,92.45724149980641,1.8569978890599446,No Leak,TELANGANA,1,Normal,No Leak,Low Risk
39.380521378450965,109.18316606002313,1.6866413877050175,No Leak,TAMIL NADU,1,Normal,No Leak,Low Risk
54.77571160250619,108.33528961608924,1.56643489214455,No Leak,JHARKHAND,1,Normal,No Leak,Low Risk
46.686881205270765,99.29501221940909,1.9903698101328027,No Leak,DELHI,1,Normal,No Leak,Low Risk
47.57318226085448,96.7965269180568,1.8944348805861528,No Leak,GUJARAT,1,Normal,No Leak,Low Risk
52.29590039614219,96.32972160916678,1.5378834278658478,No Leak,MAHARASHTRA,1,Normal,No Leak,Low Risk
58.14307772785646,116.77700814076441,2.1962079835893835,No Leak,TAMIL NADU,1,Normal,No Leak,Low Risk
55.74636663142838,107.36843897092433,1.6853683031536058,No Leak,ASSAM,1,Normal,No Leak,Low Risk
47.351198981164806,105.9065483069231,2.141643935773071,No Leak,HARYANA,1,Normal,No Leak,Low Risk
44.01896687959665,117.95877673095522,1.6960890064527838,No Leak,TAMIL NADU,1,Normal,No Leak,Low Risk
34.576459533713155,158.0673994025038,6.496270058641663,Leak,TAMIL NADU,-1,Anomaly,Leak,High Risk
50.5711382433102,115.13449743242131,2.419470250234806,No Leak,JHARKHAND,1,Normal,No Leak,Low Risk
57.37678108474776,78.46609886396286,2.630960750356996,No Leak,UTTAR PRADESH,-1,Anomaly,No Leak,Medium Risk
37.80653375475767,123.29724437657096,4.275223248836925,Leak,HARYANA,1,Normal,Leak,Medium Risk
56.334555745933116,99.74445929008554,2.6962326500321643,No Leak,UTTARAKHAND,1,Normal,No Leak,Low Risk
41.72571664067115,102.825799504883,2.365382059533262,No Leak,PUNJAB,1,Normal,No Leak,Low Risk
48.77128467957028,103.99687951752642,2.808606287484312,No Leak,HIMACHAL PRADESH,1,Normal,No Leak,Low Risk
51.68801331037601,94.2348959927328,1.36991761741371,No Leak,GUJARAT,1,Normal,No Leak,Low Risk
37.39416111630264,142.45422447800536,3.672447785106039,Leak,HARYANA,-1,Anomaly,Leak,High Risk
48.77305941998565,99.59842049355656,2.061602403392243,No Leak,TELANGANA,1,Normal,No Leak,Low Risk
12.24559701801972,147.7046296597798,5.802385765709488,Leak,HARYANA,-1,Anomaly,Leak,High Risk
51.29861250860741,87.90305257158893,2.357690657720622,No Leak,HIMACHAL PRADESH,1,Normal,No Leak,Low Risk
29.6521844014891,158.20918290407008,3.31377218383571,Leak,HARYANA,-1,Anomaly,Leak,High Risk
24.994581700030302,122.96157364366982,3.847944445664644,Leak,ANDHRA PRADESH,-1,Anomaly,Leak,High Risk
34.41181020191618,115.31652402443008,5.5784800728024635,Leak,DELHI,-1,Anomaly,Leak,High Risk
54.57701058851037,105.83928185325964,1.7676913513508035,No Leak,UTTAR PRADESH,1,Normal,No Leak,Low Risk
48.65296582777721,99.11717951648745,2.2381788846781094,No Leak,ASSAM,1,Normal,No Leak,Low Risk
48.88268607337075,99.96397460909432,2.0412198764672516,No Leak,TELANGANA,1,Normal,No Leak,Low Risk
32.245091235921095,128.76471600279743,5.652175254404112,Leak,ANDHRA PRADESH,-1,Anomaly,Leak,High Risk
46.7408194609892,101.48667457202112,1.8229796445294881,No Leak,UTTARAKHAND,1,Normal,No Leak,Low Risk
51.785077429825236,107.3264007721558,1.9558185203973324,No Leak,UTTAR PRADESH,1,Normal,No Leak,Low Risk
26.055017420801825,129.2138542474474,5.921848659958084,Leak,PUNJAB,-1,Anomaly,Leak,High Risk
56.843157787661745,98.70179300266574,2.0919247723768475,No Leak,UTTAR PRADESH,1,Normal,No Leak,Low Risk
51.99568057176035,81.33463382926939,2.2488715445456973,No Leak,RAJASTHAN,1,Normal,No Leak,Low Risk
45.36534764210958,107.71698710648344,1.932845629264726,No Leak,ODISHA,1,Normal,No Leak,Low Risk
50.93227157384714,85.3562511979018,2.0542798528882615,No Leak,GUJARAT,1,Normal,No Leak,Low Risk
47.895077595898684,101.83359919779156,2.2788455303625623,No Leak,ANDHRA PRADESH,1,Normal,No Leak,Low Risk
61.35346428902198,93.94285076996661,2.686424237338265,No Leak,ASSAM,1,Normal,No Leak,Low Risk
53.348362744150194,87.76059733237743,2.5605153336622357,No Leak,RAJASTHAN,1,Normal,No Leak,Low Risk
30.303502683580817,105.34953370462982,3.935982893259851,Leak,DELHI,-1,Anomaly,Leak,High Risk
24.226099573301973,92.46894587916252,5.220601419587005,Leak,GUJARAT,-1,Anomaly,Leak,High Risk
51.88650246522426,93.43105721028604,2.243936142435537,No Leak,DELHI,1,Normal,No Leak,Low Risk
24.475671581469925,148.04554347573296,4.353052756221226,Leak,RAJASTHAN,-1,Anomaly,Leak,High Risk
43.76108409017575,88.80330105373856,1.1687540059821628,No Leak,GUJARAT,1,Normal,No Leak,Low Risk
12.024885328123158,113.03142731618371,5.092976622222635,Leak,GOA,-1,Anomaly,Leak,High Risk
45.47841687447796,105.99928729996205,2.3590928628539674,No Leak,GUJARAT,1,Normal,No Leak,Low Risk
54.65640059558099,94.29253706250523,1.8522992949304853,No Leak,TAMIL NADU,1,Normal,No Leak,Low Risk
53.95515973521523,110.73631749859771,2.2565528990880415,No Leak,MADHYA PRADESH,1,Normal,No Leak,Low Risk
53.79484610246634,101.97910783462648,1.5544038872923562,No Leak,TELANGANA,1,Normal,No Leak,Low Risk
50.554612948549334,114.533844771177,2.5400240328573243,No Leak,UTTARAKHAND,1,Normal,No Leak,Low Risk
49.82086980445024,86.20680771985472,1.804120925478089,No Leak,ANDHRA PRADESH,1,Normal,No Leak,Low Risk
42.60739004816286,101.66452208213056,1.4688032359265601,No Leak,ANDHRA PRADESH,1,Normal,No Leak,Low Risk
46.73335383713144,84.2360784301575,1.5669125758927496,No Leak,ANDHRA PRADESH,1,Normal,No Leak,Low Risk
41.449158036716874,105.82097703468615,2.389468251756057,No Leak,MAHARASHTRA,1,Normal,No Leak,Low Risk
53.31065337260523,96.50742295681572,2.807791411774116,No Leak,GOA,1,Normal,No Leak,Low Risk
41.54905602775051,127.31006431196535,5.258475806547546,Leak,MAHARASHTRA,-1,Anomaly,Leak,High Risk
28.9963659199768,137.35298585982844,5.822609286548245,Leak,ANDHRA PRADESH,-1,Anomaly,Leak,High Risk
36.55022115003889,143.03043982679011,4.859880901045704,Leak,UTTAR PRADESH,-1,Anomaly,Leak,High Risk
43.99851796472112,98.2737270005918,2.0799281959987,No Leak,ANDHRA PRADESH,1,Normal,No Leak,Low Risk
28.16487404745578,131.6765325585872,4.941323379831073,Leak,DELHI,1,Normal,Leak,Medium Risk
52.975785127184565,111.8703030556038,2.3739551280587667,No Leak,ANDHRA PRADESH,1,Normal,No Leak,Low Risk
42.48428523440947,87.03168052044154,1.2178791941444742,No Leak,RAJASTHAN,1,Normal,No Leak,Low Risk
44.04348251398676,105.69767280232205,2.8061391289943227,No Leak,TELANGANA,1,Normal,No Leak,Low Risk
37.97487018772647,125.17005108258442,3.984420827041117,Leak,TAMIL NADU,1,Normal,Leak,Medium Risk
41.20630256788443,122.10523001591352,1.7541819071839764,No Leak,JHARKHAND,1,Normal,No Leak,Low Risk
19.931960714597324,139.26577060236212,4.440205544926163,Leak,ANDHRA PRADESH,-1,Anomaly,Leak,High Risk
46.501372460037075,105.38755992446369,2.195232424964445,No Leak,HIMACHAL PRADESH,1,Normal,No Leak,Low Risk
48.98903673783053,119.14031353866787,2.0714715473818535,No Leak,GOA,1,Normal,No Leak,Low Risk
43.74443211807348,112.08366230593143,2.700799296473215,No Leak,DELHI,1,Normal,No Leak,Low Risk
47.60412881077355,102.029230208513,2.6585575336699327,No Leak,JHARKHAND,1,Normal,No Leak,Low Risk
25.60354291273136,136.70116058168236,1.7029941887297184,Leak,TELANGANA,-1,Anomaly,Leak,High Risk
47.44991800572627,101.84680305864909,1.6690089111016955,No Leak,ODISHA,1,Normal,No Leak,Low Risk
58.85400317817755,105.159392177041,1.1463210212035266,No Leak,UTTAR PRADESH,1,Normal,No Leak,Low Risk
53.48103182406709,100.21271576736062,2.46082505596223,No Leak,GOA,1,Normal,No Leak,Low Risk
59.244780474726724,103.08833012598964,1.9362254398112329,No Leak,GOA,1,Normal,No Leak,Low Risk
37.09832669813394,102.65724387079509,4.630629834633339,Leak,GOA,-1,Anomaly,Leak,High Risk
36.74515095803494,88.04116937964815,1.7479100844961644,No Leak,HARYANA,1,Normal,No Leak,Low Risk
54.0643105941948,109.16327674702481,2.2804597239706195,No Leak,ASSAM,1,Normal,No Leak,Low Risk
52.2213165574302,112.62584103427182,2.711184930849254,No Leak,RAJASTHAN,1,Normal,No Leak,Low Risk
56.52739403577164,101.50418905143576,1.0994711329236306,No Leak,ASSAM,1,Normal,No Leak,Low Risk
48.911593983863895,98.09317599236654,2.866257499742546,No Leak,GUJARAT,1,Normal,No Leak,Low Risk
57.66369456501289,122.90942572590743,2.1427770374288286,No Leak,RAJASTHAN,1,Normal,No Leak,Low Risk
55.59787455717289,96.908835357975,1.7749053675742943,No Leak,UTTARAKHAND,1,Normal,No Leak,Low Risk
40.40614392350479,96.92221765046999,2.553540334643486,No Leak,MAHARASHTRA,1,Normal,No Leak,Low Risk
29.49180340307716,133.62853240227943,7.894012010694105,Leak,TELANGANA,-1,Anomaly,Leak,High Risk
46.76713557878737,81.63794626896703,1.7459299011763445,No Leak,TELANGANA,1,Normal,No Leak,Low Risk
52.00855861049471,83.54601253043108,2.3226077929750284,No Leak,DELHI,1,Normal,No Leak,Low Risk
42.403150170229935,94.4969484615458,2.500291159021489,No Leak,HIMACHAL PRADESH,1,Normal,No Leak,Low Risk
53.87317026714668,96.29385667913894,2.1301609193856104,No Leak,ODISHA,1,Normal,No Leak,Low Risk
25.626559323301876,117.29275222348741,5.419760029481489,Leak,RAJASTHAN,-1,Anomaly,Leak,High Risk
58.761352217118116,104.19532443907028,1.425602982420672,No Leak,PUNJAB,1,Normal,No Leak,Low Risk
57.61562038634828,100.81829358547564,2.5195558937101343,No Leak,GOA,1,Normal,No Leak,Low Risk
56.23042596248815,111.96631486645651,2.173838241769168,No Leak,PUNJAB,1,Normal,No Leak,Low Risk
50.91671002869176,99.0166037320525,2.473763231061429,No Leak,ODISHA,1,Normal,No Leak,Low Risk
41.862287810584185,90.60664606181246,1.4095935923455776,No Leak,HIMACHAL PRADESH,1,Normal,No Leak,Low Risk
32.107897722648474,114.30476183744594,3.683236966840587,Leak,UTTARAKHAND,-1,Anomaly,Leak,High Risk
48.38969241897162,107.08356447299353,1.4660985392104036,No Leak,GOA,1,Normal,No Leak,Low Risk
44.987353176810956,110.09817089342634,2.6872190465854087,No Leak,JHARKHAND,1,Normal,No Leak,Low Risk
47.99389764057082,124.39752406339272,2.044790340627624,No Leak,MAHARASHTRA,1,Normal,No Leak,Low Risk
28.263863596605038,130.87029337286933,5.768575754240988,Leak,GUJARAT,-1,Anomaly,Leak,High Risk
42.96669451575889,112.26933223884308,1.8039936800404353,No Leak,HARYANA,1,Normal,No Leak,Low Risk
38.17106636343519,137.72646635623119,4.775724610205618,Leak,ASSAM,-1,Anomaly,Leak,High Risk
27.327382152160475,120.41014065201513,4.5601915755583375,Leak,UTTAR PRADESH,-1,Anomaly,Leak,High Risk
50.06964645956473,107.53341621104532,2.44344369504865,No Leak,RAJASTHAN,1,Normal,No Leak,Low Risk
44.28514851084688,105.72582781356158,2.010655824335971,No Leak,TELANGANA,1,Normal,No Leak,Low Risk
53.25695625652899,93.10812181910433,2.448419657932766,No Leak,MAHARASHTRA,1,Normal,No Leak,Low Risk
50.601478158559495,85.97394728200307,2.3296228342162024,No Leak,UTTARAKHAND,1,Normal,No Leak,Low Risk
50.379022790968634,116.13711269058646,1.7673447716099733,No Leak,ASSAM,1,Normal,No Leak,Low Risk
52.57523843153024,110.49552715319335,1.2094046489839334,No Leak,HIMACHAL PRADESH,1,Normal,No Leak,Low Risk
44.37255476350812,121.65002344901083,1.7739548335834598,No Leak,ASSAM,1,Normal,No Leak,Low Risk
50.458803882677515,99.83577103927247,2.4991554490739802,No Leak,JHARKHAND,1,Normal,No Leak,Low Risk
48.54153125103362,97.18215391139493,2.4263868375611097,No Leak,GUJARAT,1,Normal,No Leak,Low Risk
50.23699335658207,96.62914028881961,1.7131991135515494,No Leak,UTTAR PRADESH,1,Normal,No Leak,Low Risk
48.45226780343005,120.06092888159122,2.2612570526328786,No Leak,PUNJAB,1,Normal,No Leak,Low Risk
47.8372090609019,103.91804005402547,1.841142451621883,No Leak,GUJARAT,1,Normal,No Leak,Low Risk
28.948219234626656,133.81271182530048,7.284963907487608,Leak,ANDHRA PRADESH,-1,Anomaly,Leak,High Risk
48.65062532353314,86.52873710470304,2.2129436030965177,No Leak,MADHYA PRADESH,1,Normal,No Leak,Low Risk
52.063904634682494,114.40117215449473,1.5783767023419042,No Leak,GUJARAT,1,Normal,No Leak,Low Risk
28.16160295539845,118.15288088695893,5.117681047446734,Leak,TAMIL NADU,-1,Anomaly,Leak,High Risk
52.694550218423295,99.01110346808858,1.9621178567322701,No Leak,MADHYA PRADESH,1,Normal,No Leak,Low Risk
17.751139979554225,138.19525591918995,4.937114659307037,Leak,TAMIL NADU,-1,Anomaly,Leak,High Risk
56.78120014285412,96.12298440064016,1.988565968850559,No Leak,TELANGANA,1,Normal,No Leak,Low Risk
56.53571377141214,108.72457328280144,1.9155891384049948,No Leak,MAHARASHTRA,1,Normal,No Leak,Low Risk
33.861503097673705,130.07391343695696,5.302688475712013,Leak,GOA,1,Normal,Leak,Medium Risk
29.50247186400551,143.95806545078057,4.925595188760762,Leak,HIMACHAL PRADESH,-1,Anomaly,Leak,High Risk
50.29609217007244,82.39237240844182,2.181815941312484,No Leak,UTTARAKHAND,1,Normal,No Leak,Low Risk
45.51372814257084,104.21920754235285,2.248349611618261,No Leak,UTTARAKHAND,1,Normal,No Leak,Low Risk
46.43577108661418,94.19476550195277,2.340108052725225,No Leak,HIMACHAL PRADESH,1,Normal,No Leak,Low Risk
52.024908554804774,113.80091354147451,2.2135971809358423,No Leak,MADHYA PRADESH,1,Normal,No Leak,Low Risk
39.95743664589429,130.47806086569912,3.643916793151571,Leak,ODISHA,-1,Anomaly,Leak,High Risk
39.59035296058139,100.88406886291847,2.267252824240275,No Leak,MAHARASHTRA,1,Normal,No Leak,Low Risk
50.58663691654391,89.60094072874469,2.223858462905139,No Leak,TELANGANA,1,Normal,No Leak,Low Risk
55.14577818662822,95.33963498131757,2.445191581759893,No Leak,ODISHA,1,Normal,No Leak,Low Risk
21.10426379380669,124.30249013260658,5.126904549525777,Leak,MAHARASHTRA,-1,Anomaly,Leak,High Risk
41.18479922318633,94.69003044998182,3.294781821009307,No Leak,UTTARAKHAND,1,Normal,No Leak,Low Risk
27.768296557345533,151.63533455345657,2.499064472601694,Leak,MADHYA PRADESH,-1,Anomaly,Leak,High Risk
53.23844269050346,100.96120776940984,1.6770179104377323,No Leak,PUNJAB,1,Normal,No Leak,Low Risk
37.641777499363556,109.49554135441323,1.8883988726825975,No Leak,PUNJAB,1,Normal,No Leak,Low Risk
51.554537827990025,90.08607650543692,1.1134837658965593,No Leak,HARYANA,1,Normal,No Leak,Low Risk
21.318795787537617,134.98617191283458,3.179391563993985,Leak,MADHYA PRADESH,-1,Anomaly,Leak,High Risk
45.69793317358024,93.8659733645906,2.0509281476309935,No Leak,PUNJAB,1,Normal,No Leak,Low Risk
47.644808471908384,98.26928175716131,2.3107859449280252,No Leak,MADHYA PRADESH,1,Normal,No Leak,Low Risk
36.787447057642275,129.37121659250448,3.8576978479733173,Leak,JHARKHAND,1,Normal,Leak,Medium Risk
45.22229779699787,98.47530163619456,2.3006033744645573,No Leak,MAHARASHTRA,1,Normal,No Leak,Low Risk
38.944323454960575,97.90676322848134,3.0447693608473867,No Leak,ANDHRA PRADESH,1,Normal,No Leak,Low Risk
44.7114453552205,92.32202434895872,2.5149804087905805,No Leak,PUNJAB,1,Normal,No Leak,Low Risk
59.26139092254469,90.81348053515802,1.5768216725045632,No Leak,HARYANA,1,Normal,No Leak,Low Risk
51.08229294790988,83.3141592612241,2.116608065631751,No Leak,PUNJAB,1,Normal,No Leak,Low Risk
32.043070045394536,117.36844541669338,3.732130828687697,Leak,HIMACHAL PRADESH,-1,Anomaly,Leak,High Risk
51.07046872065102,97.52822617479403,1.9199336022166797,No Leak,UTTARAKHAND,1,Normal,No Leak,Low Risk
46.61419144243944,104.5353430151398,1.9470258228479322,No Leak,TAMIL NADU,1,Normal,No Leak,Low Risk
57.61514928204013,95.37724711294958,1.6004039966748733,No Leak,TAMIL NADU,1,Normal,No Leak,Low Risk
43.111653160214544,106.9822331361359,1.0984301618720274,No Leak,MAHARASHTRA,1,Normal,No Leak,Low Risk
47.116143347158335,100.10352619843381,2.370412172710063,No Leak,MADHYA PRADESH,1,Normal,No Leak,Low Risk
50.14878069747873,92.71997058770866,2.0346721685181253,No Leak,TAMIL NADU,1,Normal,No Leak,Low Risk
56.388324478942124,106.12773905062569,1.2145619239657504,No Leak,TELANGANA,1,Normal,No Leak,Low Risk
49.62777042116917,121.6325472330546,1.5127353476646792,No Leak,ASSAM,1,Normal,No Leak,Low Risk
44.083707436671126,94.42508214992166,2.403561298318655,No Leak,JHARKHAND,1,Normal,No Leak,Low Risk
48.50496324767066,102.23787951638899,2.7606580259612254,No Leak,RAJASTHAN,1,Normal,No Leak,Low Risk
45.95753198553406,106.81891489626311,1.4104801044200987,No Leak,UTTARAKHAND,1,Normal,No Leak,Low Risk
49.24107452482208,110.30283454031843,1.5951982400391769,No Leak,HARYANA,1,Normal,No Leak,Low Risk
57.38947022370758,95.10560557481777,1.548149069634936,No Leak,ASSAM,1,Normal,No Leak,Low Risk
26.34158675930568,118.85153893783358,5.72254198447098,Leak,GUJARAT,-1,Anomaly,Leak,High Risk
41.69519533242004,100.86143883046375,2.5176246673618765,No Leak,TELANGANA,1,Normal,No Leak,Low Risk
19.94794484576595,136.6771993313707,5.609922367609507,Leak,TELANGANA,-1,Anomaly,Leak,High Risk
49.42730077373691,102.23914134064661,1.918466518028118,No Leak,PUNJAB,1,Normal,No Leak,Low Risk
60.4619363784273,88.56995087269516,2.1196234320555747,No Leak,RAJASTHAN,1,Normal,No Leak,Low Risk
53.75693561685895,98.13028697014553,1.9044861186999156,No Leak,GOA,1,Normal,No Leak,Low Risk
30.687144050346642,142.51016033662071,4.789323265400942,Leak,ODISHA,1,Normal,Leak,Medium Risk
32.93985332379444,108.82184825886799,4.766363244659982,Leak,GOA,-1,Anomaly,Leak,High Risk
48.8293152152541,96.90827876531361,1.5233356958706439,No Leak,UTTAR PRADESH,1,Normal,No Leak,Low Risk
45.10813611192484,82.31560634437149,1.9642003740709666,No Leak,ANDHRA PRADESH,1,Normal,No Leak,Low Risk
48.89515200233389,85.8628550309502,1.708620671194209,No Leak,GOA,1,Normal,No Leak,Low Risk
51.30527636089945,101.46713686433323,1.6611275147375744,No Leak,TELANGANA,1,Normal,No Leak,Low Risk
58.16205651965818,87.05318524279095,2.5162731021708287,No Leak,UTTARAKHAND,1,Normal,No Leak,Low Risk
48.55670680539931,122.52435805344308,3.568874266829997,No Leak,HARYANA,1,Normal,No Leak,Low Risk
35.466631942488554,141.04599875359045,5.6417808036150925,Leak,JHARKHAND,-1,Anomaly,Leak,High Risk
50.14159188065231,100.20793707675408,2.1036336646994718,No Leak,JHARKHAND,1,Normal,No Leak,Low Risk
45.80139078909612,101.79894151153478,1.514171632729357,No Leak,RAJASTHAN,1,Normal,No Leak,Low Risk
57.64775159730307,108.15737212539297,2.3953127995813843,No Leak,TELANGANA,1,Normal,No Leak,Low Risk
47.003036772779886,113.920022863446,1.3101909176055346,No Leak,UTTAR PRADESH,1,Normal,No Leak,Low Risk
49.960136793416915,103.88578604530964,2.16337238230116,No Leak,TELANGANA,1,Normal,No Leak,Low Risk
55.7141140725751,95.53566385449471,2.35472590856952,No Leak,ASSAM,1,Normal,No Leak,Low Risk
34.564903977756245,137.73617041378407,4.945385305638509,Leak,TAMIL NADU,1,Normal,Leak,Medium Risk
43.69558022832477,93.7443729849047,1.6768863450780984,No Leak,PUNJAB,1,Normal,No Leak,Low Risk
52.852993342965796,104.86501643826202,1.868554585395866,No Leak,UTTAR PRADESH,1,Normal,No Leak,Low Risk
52.712800217929825,91.05392697780496,1.8738232489368563,No Leak,UTTAR PRADESH,1,Normal,No Leak,Low Risk
45.580712818994336,117.97686526849523,1.840473032166691,No Leak,DELHI,1,Normal,No Leak,Low Risk
56.778189294024756,107.18953310665067,1.3533635210644182,No Leak,GUJARAT,1,Normal,No Leak,Low Risk
51.78556285755873,94.6913122707968,1.9879021968045418,No Leak,JHARKHAND,1,Normal,No Leak,Low Risk
53.05292872641912,100.61679849847971,1.9756738242147744,No Leak,HARYANA,1,Normal,No Leak,Low Risk
45.75077815267604,115.61511196726853,1.8666738353827925,No Leak,TELANGANA,1,Normal,No Leak,Low Risk
53.40750348686312,120.574954697117,1.4980213139592506,No Leak,UTTAR PRADESH,1,Normal,No Leak,Low Risk
54.26216667398112,110.47098302612154,1.8959415713637302,No Leak,GOA,1,Normal,No Leak,Low Risk
48.95938874821363,99.28398740585936,2.2731421240018497,No Leak,TAMIL NADU,1,Normal,No Leak,Low Risk
55.677828200902994,101.975996046924,2.0733965059927746,No Leak,UTTARAKHAND,1,Normal,No Leak,Low Risk
50.751508807309385,106.30811684554777,1.6913734067265385,No Leak,DELHI,1,Normal,No Leak,Low Risk
45.86384528223839,96.75168616491378,2.1116194570645797,No Leak,ANDHRA PRADESH,1,Normal,No Leak,Low Risk
44.703932390555245,84.44104353796372,2.0775953419294897,No Leak,ASSAM,1,Normal,No Leak,Low Risk
44.61127611035347,101.20031326718261,2.705466189873135,No Leak,PUNJAB,1,Normal,No Leak,Low Risk
17.312133502096334,165.1095139663098,6.447193419856179,Leak,MAHARASHTRA,-1,Anomaly,Leak,High Risk
18.979059993966104,134.8264386983356,5.102251339560682,Leak,RAJASTHAN,-1,Anomaly,Leak,High Risk
49.802224230716725,106.19154261005198,1.5390700934373434,No Leak,JHARKHAND,1,Normal,No Leak,Low Risk
59.54708320235065,109.92042349536523,1.5489742228212449,No Leak,GOA,1,Normal,No Leak,Low Risk
49.43835975154585,101.69360824036077,2.1326811746998144,No Leak,PUNJAB,1,Normal,No Leak,Low Risk
49.45619925771571,86.10427533236404,2.260561214189669,No Leak,TAMIL NADU,1,Normal,No Leak,Low Risk
47.34749426194736,92.64470057410233,2.7113740680499703,No Leak,GUJARAT,1,Normal,No Leak,Low Risk
27.63928068609675,119.38058204376071,6.767204810901179,Leak,TAMIL NADU,-1,Anomaly,Leak,High Risk
55.292122434247936,109.6387911679491,2.104829707637313,No Leak,ANDHRA PRADESH,1,Normal,No Leak,Low Risk
53.837173645764544,95.21251378336522,2.81233922923478,No Leak,UTTAR PRADESH,1,Normal,No Leak,Low Risk
46.42824290986816,111.17295831588127,2.6868292725814786,No Leak,ANDHRA PRADESH,1,Normal,No Leak,Low Risk
44.35146572671191,100.03046020153414,2.025443850928009,No Leak,JHARKHAND,1,Normal,No Leak,Low Risk
51.92032724469654,96.20872259012513,1.652643434455471,No Leak,ASSAM,1,Normal,No Leak,Low Risk
41.96776839871214,107.0810867668859,1.278072591933229,No Leak,GUJARAT,1,Normal,No Leak,Low Risk
48.75517925760463,106.33776880932099,2.6803292979193256,No Leak,TAMIL NADU,1,Normal,No Leak,Low Risk
49.62783285449977,92.65408423201951,1.793267419438362,No Leak,MAHARASHTRA,1,Normal,No Leak,Low Risk
46.7075421829594,125.91057558027757,3.043432107541832,Leak,ASSAM,1,Normal,Leak,Medium Risk
54.87559866708875,97.55843364709351,3.3221716735085174,No Leak,TELANGANA,1,Normal,No Leak,Low Risk
51.17807279054283,93.30927261340084,1.1961694864409707,No Leak,ASSAM,1,Normal,No Leak,Low Risk
26.661065491159324,169.74122223398882,6.051256151035753,Leak,GUJARAT,-1,Anomaly,Leak,High Risk
44.95956844541298,90.66732040926804,1.3712110705426919,No Leak,MAHARASHTRA,1,Normal,No Leak,Low Risk
55.1876997212895,96.34678448687892,2.094853083805198,No Leak,HIMACHAL PRADESH,1,Normal,No Leak,Low Risk
53.19296229388687,115.30750832343698,2.219237869404864,No Leak,UTTARAKHAND,1,Normal,No Leak,Low Risk
47.923560430495996,95.12088591854297,1.8212772885947863,No Leak,TAMIL NADU,1,Normal,No Leak,Low Risk
58.77397090992182,109.5530520857051,1.908401690639806,No Leak,UTTARAKHAND,1,Normal,No Leak,Low Risk
47.43066541331653,102.33785911790747,1.836052641743541,No Leak,ASSAM,1,Normal,No Leak,Low Risk
52.52023257758922,103.74056569847572,1.8481369856116676,No Leak,HARYANA,1,Normal,No Leak,Low Risk
46.42348145370016,106.13517972730416,1.9507059338578692,No Leak,TELANGANA,1,Normal,No Leak,Low Risk
54.2882981160101,93.61038252310497,1.5471338495686906,No Leak,RAJASTHAN,1,Normal,No Leak,Low Risk
47.30120159845319,95.11150578213726,2.3477688787828885,No Leak,ODISHA,1,Normal,No Leak,Low Risk
54.770008817466014,120.75260872625265,2.806110314127712,No Leak,GUJARAT,1,Normal,No Leak,Low Risk
40.06215542699554,111.88393273448084,1.7841898436409758,No Leak,RAJASTHAN,1,Normal,No Leak,Low Risk
52.60970782808449,99.54413983644503,2.0947908082993716,No Leak,JHARKHAND,1,Normal,No Leak,Low Risk
53.73646802561631,120.88374704780728,2.5865623187933204,No Leak,JHARKHAND,1,Normal,No Leak,Low Risk
50.27862456144347,97.78746376414227,1.0667300243196918,No Leak,RAJASTHAN,1,Normal,No Leak,Low Risk
48.762406822242475,111.64739354457171,1.3369761569589809,No Leak,MAHARASHTRA,1,Normal,No Leak,Low Risk
47.03803037880566,100.28181157369129,1.5496896326760656,No Leak,ANDHRA PRADESH,1,Normal,No Leak,Low Risk
51.22483285554361,98.49944412967473,2.134563470622554,No Leak,ASSAM,1,Normal,No Leak,Low Risk
42.888731452011626,86.68767046442221,1.3896437870429206,No Leak,JHARKHAND,1,Normal,No Leak,Low Risk
49.51643444064804,98.06340540720282,2.897605677956161,No Leak,GOA,1,Normal,No Leak,Low Risk
52.36796215317591,78.01194043379918,1.8484101085828624,No Leak,JHARKHAND,-1,Anomaly,No Leak,Medium Risk
42.957693518182204,99.96625542589048,2.125100103125847,No Leak,DELHI,1,Normal,No Leak,Low Risk
55.49388425993595,102.17432873179723,3.115650073096316,No Leak,HARYANA,1,Normal,No Leak,Low Risk
43.25907288947143,97.73515901150168,2.228886433075943,No Leak,ODISHA,1,Normal,No Leak,Low Risk
55.47095759235474,97.2318670011108,2.503756844918461,No Leak,ANDHRA PRADESH,1,Normal,No Leak,Low Risk
52.483570765056164,109.38283805975998,1.90855177944758,No Leak,DELHI,1,Normal,No Leak,Low Risk
53.40976485647482,124.03415585238275,1.6061081240458805,No Leak,GOA,1,Normal,No Leak,Low Risk
43.597853237518585,106.96387447456715,2.3033615295680914,No Leak,ASSAM,1,Normal,No Leak,Low Risk
48.984773069785035,109.34319911239274,1.585751487609877,No Leak,UTTAR PRADESH,1,Normal,No Leak,Low Risk
23.712111738920143,135.20884526667112,2.4955675776775177,Leak,ASSAM,-1,Anomaly,Leak,High Risk
49.669601006763415,97.86557129069791,2.33643061798341,No Leak,UTTAR PRADESH,1,Normal,No Leak,Low Risk
51.55625077271768,103.93317839394372,2.601942218584408,No Leak,UTTAR PRADESH,1,Normal,No Leak,Low Risk
47.749672642603784,100.48860070325705,1.053192666523107,No Leak,HARYANA,1,Normal,No Leak,Low Risk
49.61449145292948,108.40643548988724,1.688675319132774,No Leak,PUNJAB,1,Normal,No Leak,Low Risk
60.952278129049894,84.76813095216225,2.542991058087516,No Leak,MAHARASHTRA,-1,Anomaly,No Leak,Medium Risk
55.897200603606436,84.0700626646833,2.1757241037707913,No Leak,TAMIL NADU,1,Normal,No Leak,Low Risk
60.303739624409936,88.12401580970487,2.029966315133164,No Leak,ASSAM,1,Normal,No Leak,Low Risk
55.838910308299035,105.41462728204787,2.010443244147981,No Leak,DELHI,1,Normal,No Leak,Low Risk
25.102106123937997,150.47419092213963,5.395410482687611,Leak,ANDHRA PRADESH,-1,Anomaly,Leak,High Risk
50.4853877467402,108.20482181197364,2.2933469007376375,No Leak,ASSAM,1,Normal,No Leak,Low Risk
30.43947288799879,147.07951953104447,4.529034672726953,Leak,ASSAM,-1,Anomaly,Leak,High Risk
45.714212217918586,104.25457561784965,1.9584472136856526,No Leak,TELANGANA,1,Normal,No Leak,Low Risk
45.09245674476024,109.9626681944714,2.655154373059804,No Leak,TAMIL NADU,1,Normal,No Leak,Low Risk
36.505641493983816,158.62733563662368,9.71148524772359,Leak,PUNJAB,-1,Anomaly,Leak,High Risk
46.774401226974376,120.1020453876635,2.2733667841006895,No Leak,JHARKHAND,1,Normal,No Leak,Low Risk
47.53499532670584,99.62777763490159,2.003211134905469,No Leak,ASSAM,1,Normal,No Leak,Low Risk
50.34281487403014,118.8115706944059,1.8253416019409012,No Leak,GUJARAT,1,Normal,No Leak,Low Risk
45.85502494538964,109.98010109859652,2.348477202255368,No Leak,UTTARAKHAND,1,Normal,No Leak,Low Risk
53.226879747925736,98.14712341122292,0.49024392208958734,No Leak,HIMACHAL PRADESH,-1,Anomaly,No Leak,Medium Risk
55.79055436750034,103.02635465239034,0.7348562386268351,No Leak,GOA,-1,Anomaly,No Leak,Medium Risk
51.29941397124212,118.46636996047665,1.5363234329047128,No Leak,MADHYA PRADESH,1,Normal,No Leak,Low Risk
54.85785475477178,104.13799097451498,1.345589800440444,No Leak,UTTARAKHAND,1,Normal,No Leak,Low Risk
51.69248203747207,106.7792587133927,1.9049804824992527,No Leak,UTTARAKHAND,1,Normal,No Leak,Low Risk
57.7496720250877,94.97945775647389,1.1918446957817062,No Leak,PUNJAB,1,Normal,No Leak,Low Risk
49.686604513634144,103.30880232214457,2.4125491323338175,No Leak,GUJARAT,1,Normal,No Leak,Low Risk
54.816880646221605,99.10264305712774,1.8769687559350257,No Leak,UTTARAKHAND,1,Normal,No Leak,Low Risk
46.99680655040598,95.79813182904142,2.0339277552637016,No Leak,GOA,1,Normal,No Leak,Low Risk
54.86277224813365,86.43418195376594,2.2508913680837725,No Leak,ANDHRA PRADESH,1,Normal,No Leak,Low Risk
43.77130610644006,93.18015752002202,2.3356700382252327,No Leak,JHARKHAND,1,Normal,No Leak,Low Risk
54.75211919093025,105.50052099024552,1.6792592023885238,No Leak,TELANGANA,1,Normal,No Leak,Low Risk
29.462573679605157,140.2158417705519,3.674164648324976,Leak,PUNJAB,-1,Anomaly,Leak,High Risk
46.23131917821255,85.69224897881952,2.275742688020234,No Leak,MADHYA PRADESH,1,Normal,No Leak,Low Risk
53.0300497567282,95.46771950672725,3.5549592780026806,No Leak,PUNJAB,1,Normal,No Leak,Low Risk
51.13729967302065,87.19695601329106,1.9477753907312643,No Leak,ASSAM,1,Normal,No Leak,Low Risk
51.70575987408322,93.4737602069761,2.0973037276186215,No Leak,UTTAR PRADESH,1,Normal,No Leak,Low Risk
57.896064077536955,102.22133771633713,2.061335157997398,No Leak,MAHARASHTRA,1,Normal,No Leak,Low Risk
46.37128093423267,104.68774256075024,2.5485763558768477,No Leak,PUNJAB,1,Normal,No Leak,Low Risk
65.3944040422762,101.92049116490031,1.9302768621595003,No Leak,ANDHRA PRADESH,1,Normal,No Leak,Low Risk
57.82321827907003,92.69069960058081,1.5387949077507488,No Leak,DELHI,1,Normal,No Leak,Low Risk
33.854928493747934,113.63142668115998,4.357597895580533,Leak,JHARKHAND,1,Normal,Leak,Medium Risk
22.659977431885892,129.86957369541085,4.614508680658506,Leak,TELANGANA,-1,Anomaly,Leak,High Risk
46.69106767615806,102.24451818559972,1.9833850046777697,No Leak,ASSAM,1,Normal,No Leak,Low Risk
53.909114358886555,89.29915233673847,2.1191844913673927,No Leak,HARYANA,1,Normal,No Leak,Low Risk
51.35789418597687,104.36559804157667,1.2517353724549605,No Leak,HIMACHAL PRADESH,1,Normal,No Leak,Low Risk
60.719720446626624,95.16813537700627,1.6937813126797812,No Leak,GOA,1,Normal,No Leak,Low Risk
61.573292833367546,105.228354880355,1.9343715164538478,No Leak,UTTAR PRADESH,1,Normal,No Leak,Low Risk
27.491762510620816,159.63326804925197,4.922974187469802,Leak,GOA,-1,Anomaly,Leak,High Risk
54.630887737658206,93.31909546356951,2.188204763048758,No Leak,ANDHRA PRADESH,1,Normal,No Leak,Low Risk
44.688481431369475,85.51986099583756,1.9902901970561337,No Leak,MAHARASHTRA,1,Normal,No Leak,Low Risk
39.899505077473115,141.9005893167113,6.819672866304288,Leak,ANDHRA PRADESH,-1,Anomaly,Leak,High Risk
53.10904981108598,104.66429982433526,2.5586994079512304,No Leak,ASSAM,1,Normal,No Leak,Low Risk
53.57000247046046,88.41635310807457,1.2712242502675348,No Leak,PUNJAB,1,Normal,No Leak,Low Risk
50.85684140594985,106.74819492166604,2.7061102777077144,No Leak,ODISHA,1,Normal,No Leak,Low Risk
51.63066511121059,120.61503576636397,2.209199110444342,No Leak,HIMACHAL PRADESH,1,Normal,No Leak,Low Risk
51.28775195361382,106.45484181141076,1.9336831268087131,No Leak,HIMACHAL PRADESH,1,Normal,No Leak,Low Risk
54.15167908272123,100.32004149065767,1.785377789850669,No Leak,ANDHRA PRADESH,1,Normal,No Leak,Low Risk
45.80391238388681,91.67644426895771,2.084230488134807,No Leak,ODISHA,1,Normal,No Leak,Low Risk
53.114249661737496,100.40591691203882,2.106646853686469,No Leak,ASSAM,1,Normal,No Leak,Low Risk
39.66278949980062,94.18319086051356,1.7379558010327036,No Leak,ANDHRA PRADESH,1,Normal,No Leak,Low Risk
50.92418061847437,91.96821049319655,2.0716942336711255,No Leak,HARYANA,1,Normal,No Leak,Low Risk
31.690269538235782,94.28267016131778,3.5098873094220506,Leak,MAHARASHTRA,-1,Anomaly,Leak,High Risk
47.27808637737409,95.54497478599228,2.9366488881087727,No Leak,JHARKHAND,1,Normal,No Leak,Low Risk
53.787538550236526,90.9609235853521,1.932860418906848,No Leak,MADHYA PRADESH,1,Normal,No Leak,Low Risk
47.115540652384254,101.70416222375488,1.26623736712378,No Leak,ANDHRA PRADESH,1,Normal,No Leak,Low Risk
41.6923996886552,112.18761851697317,2.009808328846995,No Leak,DELHI,1,Normal,No Leak,Low Risk
52.40504615868357,115.28468426412532,3.049860894583258,No Leak,GOA,1,Normal,No Leak,Low Risk
52.96550628984192,115.42109952567876,1.5847777967217174,No Leak,HIMACHAL PRADESH,1,Normal,No Leak,Low Risk
33.36075592361473,150.22926070816712,4.86052514825365,Leak,UTTARAKHAND,-1,Anomaly,Leak,High Risk
52.064657271378124,105.97400069849859,2.5428931624696736,No Leak,JHARKHAND,1,Normal,No Leak,Low Risk
48.07458859791842,94.44522880839746,2.162898158291083,No Leak,ODISHA,1,Normal,No Leak,Low Risk
45.68004615160092,99.90881003355797,2.3191959628041916,No Leak,TAMIL NADU,1,Normal,No Leak,Low Risk
52.504585938121906,89.34886336924627,1.8857000423299908,No Leak,MAHARASHTRA,1,Normal,No Leak,Low Risk
31.401691351268095,169.08314867500573,4.137401134869523,Leak,HIMACHAL PRADESH,-1,Anomaly,Leak,High Risk
43.323278206449494,111.48637349428715,1.5214245425524786,No Leak,UTTAR PRADESH,1,Normal,No Leak,Low Risk
48.7371592430342,96.37559058596868,2.6521701214390765,No Leak,GUJARAT,1,Normal,No Leak,Low Risk
32.72471373120398,131.6399111282712,5.442479776781024,Leak,HIMACHAL PRADESH,-1,Anomaly,Leak,High Risk
51.055087336013095,88.58310885866496,1.8396661872214042,No Leak,ASSAM,1,Normal,No Leak,Low Risk
47.37739866860113,117.26963851233405,2.5970547015236862,No Leak,GUJARAT,1,Normal,No Leak,Low Risk
29.811582793006096,133.94584531262413,6.8754665222098374,Leak,GOA,-1,Anomaly,Leak,High Risk
50.49666152714613,93.90487797840717,0.7188331706023448,No Leak,RAJASTHAN,1,Normal,No Leak,Low Risk
45.30060106836322,92.30026768941359,1.9953498394306928,No Leak,ODISHA,1,Normal,No Leak,Low Risk
45.45987962239394,100.82283989275425,1.7868212018972283,No Leak,ODISHA,1,Normal,No Leak,Low Risk
55.516509410082605,98.78252491616716,2.2107933053072277,No Leak,UTTARAKHAND,1,Normal,No Leak,Low Risk
51.017318179336115,109.56702316794585,0.8519095234313809,No Leak,UTTARAKHAND,1,Normal,No Leak,Low Risk
40.646040394870724,95.5671774880849,1.8829900704465092,No Leak,MADHYA PRADESH,1,Normal,No Leak,Low Risk
53.58771127897981,125.79709337654319,2.2527350795833136,No Leak,PUNJAB,1,Normal,No Leak,Low Risk
50.06296200390897,105.6390912005236,1.9243633581732442,No Leak,UTTAR PRADESH,1,Normal,No Leak,Low Risk
47.40864890863176,110.44160877069072,2.1621796408608014,No Leak,TAMIL NADU,1,Normal,No Leak,Low Risk
49.07170511668092,84.84255885002769,1.9409657365044606,No Leak,UTTARAKHAND,1,Normal,No Leak,Low Risk
43.55019550129473,104.90974951638252,1.7964818435366097,No Leak,ANDHRA PRADESH,1,Normal,No Leak,Low Risk
55.815818760774796,100.76821891060256,1.8459828579071293,No Leak,UTTARAKHAND,1,Normal,No Leak,Low Risk
40.23956100238749,104.3004164719107,2.1400805794098035,No Leak,JHARKHAND,1,Normal,No Leak,Low Risk
52.59673257120586,75.00594285126427,1.9725529996918567,No Leak,HARYANA,-1,Anomaly,No Leak,Medium Risk
49.904918960486555,116.4201516013637,1.702169352978254,No Leak,ANDHRA PRADESH,1,Normal,No Leak,Low Risk
49.46484820022721,116.72572386837703,1.7618895632276705,No Leak,HIMACHAL PRADESH,1,Normal,No Leak,Low Risk
50.349010424950094,115.00759790634311,1.158280903889525,No Leak,GUJARAT,1,Normal,No Leak,Low Risk
51.20981135783017,114.46977884353733,2.4415548885735796,No Leak,GUJARAT,1,Normal,No Leak,Low Risk
44.645537509694435,90.33023856870787,1.2476398129844988,No Leak,UTTAR PRADESH,1,Normal,No Leak,Low Risk
50.488380492744156,105.94754341665286,1.9025458598236595,No Leak,RAJASTHAN,1,Normal,No Leak,Low Risk
43.75502324965837,123.95909001020271,2.4551598168379205,Leak,MADHYA PRADESH,1,Normal,Leak,Medium Risk
50.64610590987614,109.27840128081237,2.132939114826024,No Leak,GOA,1,Normal,No Leak,Low Risk
41.93642064405174,121.42270358611864,1.6749987095882701,No Leak,TAMIL NADU,1,Normal,No Leak,Low Risk
51.63463686882081,86.28098857068643,1.840076238372578,No Leak,ASSAM,1,Normal,No Leak,Low Risk
30.305903959680226,125.88281138239319,2.705294029496268,Leak,HARYANA,-1,Anomaly,Leak,High Risk
44.46737045629165,126.01683114180395,1.9939555260769728,No Leak,UTTAR PRADESH,1,Normal,No Leak,Low Risk
46.015523722647615,85.15102031550097,2.744931719301041,No Leak,MAHARASHTRA,1,Normal,No Leak,Low Risk
53.163909330531425,121.57308213265503,1.9098041591187962,No Leak,MAHARASHTRA,1,Normal,No Leak,Low Risk
47.8655946502629,94.16922561431062,2.4462986691496544,No Leak,RAJASTHAN,1,Normal,No Leak,Low Risk
50.065009459389536,95.47693680750923,1.6941154545473573,No Leak,UTTAR PRADESH,1,Normal,No Leak,Low Risk
50.53215113845948,105.88578404420609,2.5962537562389874,No Leak,MAHARASHTRA,1,Normal,No Leak,Low Risk
48.142795670021044,100.14688194729197,2.017076208744012,No Leak,GUJARAT,1,Normal,No Leak,Low Risk
51.24110293150168,102.99292580406492,2.7667168506481628,No Leak,GOA,1,Normal,No Leak,Low Risk
18.9516431747698,119.22316287614524,4.29845872321136,Leak,GUJARAT,-1,Anomaly,Leak,High Risk
59.157293829271765,103.19781934142537,2.354151923600532,No Leak,TELANGANA,1,Normal,No Leak,Low Risk
45.89658840824145,107.09003757588512,1.1990170940514158,No Leak,HIMACHAL PRADESH,1,Normal,No Leak,Low Risk
58.82727120140548,114.76540349725896,2.4847286002633684,No Leak,HIMACHAL PRADESH,1,Normal,No Leak,Low Risk
44.93947812369916,98.32878286213588,1.3944140353596093,No Leak,MAHARASHTRA,1,Normal,No Leak,Low Risk
36.876703095838415,136.32311914365556,4.400323788618043,Leak,DELHI,-1,Anomaly,Leak,High Risk
55.45753425961231,104.4460266822014,1.959238663449177,No Leak,ASSAM,1,Normal,No Leak,Low Risk
46.16326218555975,97.19324923133226,1.805740773455557,No Leak,GUJARAT,1,Normal,No Leak,Low Risk
42.329429146321885,92.81592734430802,1.6154288251063509,No Leak,ASSAM,1,Normal,No Leak,Low Risk
36.901274479551276,99.66873027126204,2.807687844734721,No Leak,GOA,1,Normal,No Leak,Low Risk
62.316210562426434,115.77453279763475,2.423710838575211,No Leak,TELANGANA,-1,Anomaly,No Leak,Medium Risk
47.778533699619445,112.00413907944426,1.6792565454778452,No Leak,DELHI,1,Normal,No Leak,Low Risk
30.685497291226874,113.91368480680015,4.26969233211236,Leak,DELHI,-1,Anomaly,Leak,High Risk
45.50792664325821,101.0537550614596,2.400204762613841,No Leak,MADHYA PRADESH,1,Normal,No Leak,Low Risk
49.19357144166995,101.91099068019903,2.2049093284642565,No Leak,HARYANA,1,Normal,No Leak,Low Risk
49.03819517609439,99.04704467613048,1.7323359070230386,No Leak,HARYANA,1,Normal,No Leak,Low Risk
50.57837317146429,102.78994162223802,0.9980688177966233,No Leak,TAMIL NADU,1,Normal,No Leak,Low Risk
40.9755894966774,80.24533433646128,2.273559557587605,No Leak,PUNJAB,-1,Anomaly,No Leak,Medium Risk
44.82378838790313,104.19019009366045,2.4371945903563637,No Leak,PUNJAB,1,Normal,No Leak,Low Risk
52.57219417029374,117.4957674318694,2.468785068813279,No Leak,HARYANA,1,Normal,No Leak,Low Risk
46.48973453061324,110.66674689589154,2.435648648728622,No Leak,RAJASTHAN,1,Normal,No Leak,Low Risk
33.789056614491635,154.6174902630947,6.042985510996276,Leak,UTTAR PRADESH,-1,Anomaly,Leak,High Risk
52.56633716556678,111.08703580582907,1.8705475131479614,No Leak,HARYANA,1,Normal,No Leak,Low Risk
45.87251401603744,111.89470488924641,2.1268698307472866,No Leak,JHARKHAND,1,Normal,No Leak,Low Risk
23.599691484818827,120.87758345051624,3.6437555303912914,Leak,RAJASTHAN,-1,Anomaly,Leak,High Risk
53.88207202082728,119.88506591476127,5.894006375452737,Leak,PUNJAB,-1,Anomaly,Leak,High Risk
22.650507908111244,112.40371292995891,6.146360669885303,Leak,HIMACHAL PRADESH,-1,Anomaly,Leak,High Risk
59.38397906279033,92.43204911430539,2.236203138940189,No Leak,MAHARASHTRA,1,Normal,No Leak,Low Risk
51.668310526434745,101.36535331082737,1.3184129977035948,No Leak,JHARKHAND,1,Normal,No Leak,Low Risk
49.72207664544772,105.5623000940066,2.3022576631776834,No Leak,TELANGANA,1,Normal,No Leak,Low Risk
48.03945923433921,113.82158991037527,2.063189789773206,No Leak,UTTAR PRADESH,1,Normal,No Leak,Low Risk
47.671351232148716,95.60268941725825,1.2184045956516716,No Leak,GUJARAT,1,Normal,No Leak,Low Risk
41.434327354545616,99.80362201073319,1.9867393703754699,No Leak,HIMACHAL PRADESH,1,Normal,No Leak,Low Risk
43.94491900118771,114.90726136849952,2.295907066870689,No Leak,MAHARASHTRA,1,Normal,No Leak,Low Risk
48.494481522053555,103.82409746184051,2.226185898124867,No Leak,PUNJAB,1,Normal,No Leak,Low Risk
49.4217585880588,88.77277978437701,1.9601793043771425,No Leak,MADHYA PRADESH,1,Normal,No Leak,Low Risk
53.1417275463214,103.2876241030348,2.9791737271102967,No Leak,UTTAR PRADESH,1,Normal,No Leak,Low Risk
59.48396491326974,118.00940432910815,1.9120570937838317,No Leak,UTTARAKHAND,1,Normal,No Leak,Low Risk
49.04830660958196,97.09725455811349,1.4640713834799222,No Leak,GUJARAT,1,Normal,No Leak,Low Risk
28.153069009241847,136.99300094599388,3.876192350252485,Leak,JHARKHAND,-1,Anomaly,Leak,High Risk
45.106181421088465,90.28385961489349,2.0095738887078762,No Leak,ASSAM,1,Normal,No Leak,Low Risk
52.466589504404446,109.13584626233249,1.8153614303768983,No Leak,DELHI,1,Normal,No Leak,Low Risk
42.923146289747926,103.68673308872901,2.1753150496367795,No Leak,GUJARAT,1,Normal,No Leak,Low Risk
45.17538269709948,100.4381147197911,2.900255590755427,No Leak,UTTARAKHAND,1,Normal,No Leak,Low Risk
48.67671583381022,84.16097176514276,1.7853488877413701,No Leak,UTTARAKHAND,1,Normal,No Leak,Low Risk
43.47765249747573,93.50722454933992,1.5887900338088996,No Leak,TELANGANA,1,Normal,No Leak,Low Risk
57.75575987761262,93.26509375756132,1.8677425793446947,No Leak,MADHYA PRADESH,1,Normal,No Leak,Low Risk
38.58382438212809,116.0645636314085,4.235230703565446,Leak,JHARKHAND,1,Normal,Leak,Medium Risk
45.94012282534494,123.41104427305817,4.271761786571389,Leak,TELANGANA,-1,Anomaly,Leak,High Risk
53.60836032021618,107.22381357827771,1.1370966356047016,No Leak,HIMACHAL PRADESH,1,Normal,No Leak,Low Risk
57.26767038578659,75.76120673371044,1.9814816014757939,No Leak,TAMIL NADU,-1,Anomaly,No Leak,Medium Risk
47.65412173947647,104.40474737960399,2.535075119158214,No Leak,DELHI,1,Normal,No Leak,Low Risk
34.37811837902373,160.64735449356232,5.430144341851545,Leak,TAMIL NADU,-1,Anomaly,Leak,High Risk
43.61625712089845,109.03934841086195,1.674988032796551,No Leak,UTTAR PRADESH,1,Normal,No Leak,Low Risk
21.888832381659697,142.59059168443622,4.010583006166792,Leak,DELHI,-1,Anomaly,Leak,High Risk
43.88936095554027,102.24684725751887,1.7677978688453062,No Leak,HARYANA,1,Normal,No Leak,Low Risk
47.37122489159619,84.29499396376823,2.4311967361913793,No Leak,UTTARAKHAND,1,Normal,No Leak,Low Risk
8.914018087864978,133.90049968056255,6.118629877112461,Leak,MADHYA PRADESH,-1,Anomaly,Leak,High Risk
43.241576971918334,97.96326249823034,2.3085029747883485,No Leak,ODISHA,1,Normal,No Leak,Low Risk
46.461652671906094,111.72729019259364,1.8749767427005235,No Leak,PUNJAB,1,Normal,No Leak,Low Risk
55.0314640460722,96.11823181458772,1.3804464621730497,No Leak,DELHI,1,Normal,No Leak,Low Risk
49.26471309248931,109.64087168288357,1.2485148358024234,No Leak,MAHARASHTRA,1,Normal,No Leak,Low Risk
47.188562353795135,85.14439626963028,3.59655378392243,No Leak,TAMIL NADU,-1,Anomaly,No Leak,Medium Risk
44.96991309250149,116.33431532301096,3.0370413348749867,No Leak,MAHARASHTRA,1,Normal,No Leak,Low Risk
45.70821109909393,114.92688568959522,1.11188238355084,No Leak,GOA,1,Normal,No Leak,Low Risk
53.431300951872565,99.75645407739017,1.8875720090959607,No Leak,MADHYA PRADESH,1,Normal,No Leak,Low Risk
63.600845832948096,107.60414656144297,1.653789510063072,No Leak,RAJASTHAN,-1,Anomaly,No Leak,Medium Risk
39.78855105934902,109.15911175513794,5.346468395390028,Leak,GUJARAT,-1,Anomaly,Leak,High Risk
50.337641023439616,122.9889812361925,2.4596144672876017,No Leak,MADHYA PRADESH,1,Normal,No Leak,Low Risk
49.90743432003805,93.11849654822277,0.9321628930106522,No Leak,GOA,1,Normal,No Leak,Low Risk
48.72511391289572,116.69904504351406,1.1107062079967416,No Leak,TELANGANA,1,Normal,No Leak,Low Risk
35.94145934687778,112.09860315446791,5.580651981425648,Leak,TELANGANA,-1,Anomaly,Leak,High Risk
45.888898022167844,97.02436496640009,2.154025269752051,No Leak,HIMACHAL PRADESH,1,Normal,No Leak,Low Risk
39.803839111199494,86.30197020420923,1.5132269001477656,No Leak,ODISHA,1,Normal,No Leak,Low Risk
49.221613823039604,81.98019562419981,2.830735082864009,No Leak,GUJARAT,1,Normal,No Leak,Low Risk
28.605165936777315,136.2261734688577,4.671208301804835,Leak,UTTARAKHAND,1,Normal,Leak,Medium Risk
55.26901026017451,93.53063222294426,1.2431428036935865,No Leak,PUNJAB,1,Normal,No Leak,Low Risk
41.5376768514259,103.07406697809101,1.657685087119998,No Leak,GOA,1,Normal,No Leak,Low Risk
48.36168926701116,111.69295590445672,1.3270101598766257,No Leak,HARYANA,1,Normal,No Leak,Low Risk
51.97226071189149,85.21088431225871,2.6408218975018842,No Leak,PUNJAB,1,Normal,No Leak,Low Risk
51.808180125238174,106.5854427267283,2.4203100132522763,No Leak,MAHARASHTRA,1,Normal,No Leak,Low Risk
59.41012248237517,96.35047270457115,2.3720959857499686,No Leak,UTTARAKHAND,1,Normal,No Leak,Low Risk
60.665166873281336,103.81935452231554,1.9867971215205364,No Leak,UTTAR PRADESH,1,Normal,No Leak,Low Risk
25.976201835589254,108.20733925315224,5.260130676515155,Leak,ANDHRA PRADESH,-1,Anomaly,Leak,High Risk
57.51178526048014,91.9632543203027,2.53010495374944,No Leak,UTTAR PRADESH,1,Normal,No Leak,Low Risk
51.16126848580502,114.4376460407326,1.0846835515717714,No Leak,HARYANA,1,Normal,No Leak,Low Risk
54.10951252187612,117.94557863517788,1.83883976539433,No Leak,MAHARASHTRA,1,Normal,No Leak,Low Risk
50.97922627548841,101.40886246911204,1.8530165261679088,No Leak,HARYANA,1,Normal,No Leak,Low Risk
51.83299123048424,100.34083468259226,2.0001035324590983,No Leak,TELANGANA,1,Normal,No Leak,Low Risk
45.76603140965798,97.79035826170336,2.15958725520959,No Leak,MADHYA PRADESH,1,Normal,No Leak,Low Risk
42.8206892441028,104.77040827223121,1.8925394848556323,No Leak,UTTARAKHAND,1,Normal,No Leak,Low Risk
39.874287066711965,87.7423433699766,1.428136896339669,No Leak,TELANGANA,1,Normal,No Leak,Low Risk
44.592259981928024,105.07991326912544,1.9261098405912642,No Leak,HARYANA,1,Normal,No Leak,Low Risk
44.15660981190234,101.86609123156359,2.0952498398895334,No Leak,JHARKHAND,1,Normal,No Leak,Low Risk
27.53213769235344,141.16279029037014,4.771396272802626,Leak,PUNJAB,1,Normal,Leak,Medium Risk
48.80525976566795,113.90207549017313,2.0204595876978604,No Leak,MADHYA PRADESH,1,Normal,No Leak,Low Risk
34.11403804814268,112.77824179652859,7.044926619506589,Leak,GUJARAT,-1,Anomaly,Leak,High Risk
47.61171276617441,93.22284630247894,2.2310863330409716,No Leak,PUNJAB,1,Normal,No Leak,Low Risk
45.04731837434656,94.41078152728412,1.732018277442976,No Leak,GUJARAT,1,Normal,No Leak,Low Risk
49.82644115147378,106.0789650971654,2.1659901652845073,No Leak,MAHARASHTRA,1,Normal,No Leak,Low Risk
56.83437133722262,96.83591550305198,2.098657853702798,No Leak,UTTAR PRADESH,1,Normal,No Leak,Low Risk
53.07967803472132,101.84551303197037,1.595867139179537,No Leak,TAMIL NADU,1,Normal,No Leak,Low Risk
48.45393812074393,104.71415556386404,2.65879876780398,No Leak,HARYANA,1,Normal,No Leak,Low Risk
20.098700621381617,111.03303991551599,5.817631412531537,Leak,GUJARAT,-1,Anomaly,Leak,High Risk
34.39107068253892,139.99728247480743,4.122852469141432,Leak,TAMIL NADU,-1,Anomaly,Leak,High Risk
46.134951080722665,108.53415558780307,2.5668850484335324,No Leak,UTTARAKHAND,1,Normal,No Leak,Low Risk
47.79977756651508,95.32298798688109,1.4545167848924008,No Leak,ODISHA,1,Normal,No Leak,Low Risk
47.696806145201066,102.89168643907819,1.9064278674977255,No Leak,TAMIL NADU,1,Normal,No Leak,Low Risk
48.932764241440765,91.53038651681672,1.974303138205757,No Leak,MAHARASHTRA,1,Normal,No Leak,Low Risk
51.92658689864418,97.18899707114045,1.6240153341305905,No Leak,GUJARAT,1,Normal,No Leak,Low Risk
26.06478041995036,136.02214678383484,4.813689141410301,Leak,PUNJAB,-1,Anomaly,Leak,High Risk
31.802463376327534,163.9991474915276,4.707939224749978,Leak,ASSAM,-1,Anomaly,Leak,High Risk
51.28014867156938,105.13600106569717,2.250332860690605,No Leak,TELANGANA,1,Normal,No Leak,Low Risk
44.87806179332855,82.60286221221901,1.1257340133809097,No Leak,ANDHRA PRADESH,-1,Anomaly,No Leak,Medium Risk
49.55439980243606,89.85243269307134,2.076177436016861,No Leak,MAHARASHTRA,1,Normal,No Leak,Low Risk
46.110916562045624,106.4828043384386,1.4570874355574073,No Leak,PUNJAB,1,Normal,No Leak,Low Risk
49.89549203017926,111.08182816737516,1.9463489279978856,No Leak,MAHARASHTRA,1,Normal,No Leak,Low Risk
51.21843605745956,113.75706813311619,1.8041757162891043,No Leak,UTTAR PRADESH,1,Normal,No Leak,Low Risk
22.033476841678166,129.32774870592573,5.423005962028255,Leak,ODISHA,-1,Anomaly,Leak,High Risk
51.48492336616593,102.43339449322691,2.5005230462835706,No Leak,ODISHA,1,Normal,No Leak,Low Risk
52.93428546900135,111.95046628924842,1.5322806489777023,No Leak,PUNJAB,1,Normal,No Leak,Low Risk
54.16961077274452,101.76441555277225,1.8847996428971163,No Leak,ANDHRA PRADESH,1,Normal,No Leak,Low Risk
51.620419846973974,93.76859473575236,2.2898165866067877,No Leak,PUNJAB,1,Normal,No Leak,Low Risk
49.20030735018287,86.76910206592501,1.6731168306755901,No Leak,ASSAM,1,Normal,No Leak,Low Risk
34.85480474572537,156.82951831061763,5.257655819804632,Leak,DELHI,-1,Anomaly,Leak,High Risk
41.96258382719386,106.50201177958661,2.0350260815565906,No Leak,ODISHA,1,Normal,No Leak,Low Risk
48.62474151424178,110.9131012059427,2.4826987422955855,No Leak,DELHI,1,Normal,No Leak,Low Risk
56.18908155986731,113.64140429973844,1.6275486775967756,No Leak,JHARKHAND,1,Normal,No Leak,Low Risk
47.443921617844076,80.33643410623998,2.660652016136506,No Leak,MAHARASHTRA,1,Normal,No Leak,Low Risk
50.48497982496359,111.05525932957984,1.010350094812106,No Leak,JHARKHAND,1,Normal,No Leak,Low Risk
42.93848149332354,110.65480375065351,2.5742228545983776,No Leak,PUNJAB,1,Normal,No Leak,Low Risk
20.813893689979054,155.49750082557443,4.340551670485358,Leak,ODISHA,-1,Anomaly,Leak,High Risk
52.14809109566293,89.27860988014393,1.076906068880953,No Leak,UTTAR PRADESH,1,Normal,No Leak,Low Risk
36.49117243593274,147.94132393774265,6.098468330672194,Leak,JHARKHAND,-1,Anomaly,Leak,High Risk
49.288102574893536,93.37099082449052,1.5914556844659047,No Leak,ODISHA,1,Normal,No Leak,Low Risk
48.077222278850876,96.97530313511872,2.774510075747594,No Leak,HIMACHAL PRADESH,1,Normal,No Leak,Low Risk
46.04762772277344,105.38296079049633,1.8208299239893888,No Leak,GOA,1,Normal,No Leak,Low Risk
43.359069755507846,109.84322398476584,3.0312624596215727,No Leak,ANDHRA PRADESH,1,Normal,No Leak,Low Risk
54.13591624518012,81.10459269054469,1.3399887443896472,No Leak,DELHI,-1,Anomaly,No Leak,Medium Risk
48.327493820795254,108.83659937486672,1.4861624295370208,No Leak,ANDHRA PRADESH,1,Normal,No Leak,Low Risk
38.99482687896402,121.13911957743035,6.141739132469704,Leak,UTTARAKHAND,-1,Anomaly,Leak,High Risk
57.51996494291345,103.9467152982298,2.1598259129594886,No Leak,ASSAM,1,Normal,No Leak,Low Risk
45.25300555584028,97.73521108098473,2.6059719926932003,No Leak,MADHYA PRADESH,1,Normal,No Leak,Low Risk
33.997480882423474,133.43678679587063,6.415670250032852,Leak,HIMACHAL PRADESH,-1,Anomaly,Leak,High Risk
51.46536236649341,99.17848821607431,2.2556012997624904,No Leak,TAMIL NADU,1,Normal,No Leak,Low Risk
52.94158603242288,102.38789159026514,2.2120305222320447,No Leak,MADHYA PRADESH,1,Normal,No Leak,Low Risk
54.3480296005283,111.85704154662997,2.359878971074091,No Leak,MAHARASHTRA,1,Normal,No Leak,Low Risk
48.24243257979346,91.15197285973099,2.2331791872231674,No Leak,HARYANA,1,Normal,No Leak,Low Risk
50.130455251054165,95.42903743413729,1.7369825786662099,No Leak,ODISHA,1,Normal,No Leak,Low Risk
51.57123666297637,108.89630795623437,1.6241044749524078,No Leak,ANDHRA PRADESH,1,Normal,No Leak,Low Risk
47.16851135198614,103.7721187506452,2.4040288991405725,No Leak,HARYANA,1,Normal,No Leak,Low Risk
45.908896583832636,106.38730222029184,1.4636284871300966,No Leak,UTTARAKHAND,1,Normal,No Leak,Low Risk
47.57882963566874,93.28376632061949,1.6646898954616776,No Leak,UTTAR PRADESH,1,Normal,No Leak,Low Risk
49.87937456444998,103.81158384882778,1.7896191031594735,No Leak,PUNJAB,1,Normal,No Leak,Low Risk
22.837229421095806,135.06330476075962,6.46769968051439,Leak,UTTARAKHAND,-1,Anomaly,Leak,High Risk
47.767425239664895,102.08382807947552,1.0624137651771277,No Leak,MAHARASHTRA,1,Normal,No Leak,Low Risk
51.50773671166806,102.7902152577034,1.9547333588479197,No Leak,TAMIL NADU,1,Normal,No Leak,Low Risk
50.546973973024464,100.57013124897084,1.7816401319797022,No Leak,ANDHRA PRADESH,1,Normal,No Leak,Low Risk
46.13105400448214,85.78189333258156,2.7420580142679825,No Leak,PUNJAB,1,Normal,No Leak,Low Risk
53.128336738825034,107.85800158650832,1.296841268164083,No Leak,ANDHRA PRADESH,1,Normal,No Leak,Low Risk
47.19909479901515,71.03744621806311,1.833090255121995,No Leak,UTTARAKHAND,-1,Anomaly,No Leak,Medium Risk
53.501549397044954,97.2887639895743,2.2043264057403356,No Leak,HARYANA,1,Normal,No Leak,Low Risk
47.27540456595525,92.83177679397195,2.115035379595701,No Leak,JHARKHAND,1,Normal,No Leak,Low Risk
53.71632047011357,90.4056076327652,2.8372462166737686,No Leak,UTTAR PRADESH,1,Normal,No Leak,Low Risk
53.56499215086194,109.3259083187309,2.2310304466259483,No Leak,HARYANA,1,Normal,No Leak,Low Risk
44.06896387356107,139.58883036172128,5.239772520462457,Leak,TELANGANA,-1,Anomaly,Leak,High Risk
45.11222377600724,96.94775295645333,1.5028253126957438,No Leak,PUNJAB,1,Normal,No Leak,Low Risk
38.77175387048707,120.25594157610146,3.0141350765260446,Leak,RAJASTHAN,1,Normal,Leak,Medium Risk
46.40077895802646,104.92451264008149,2.214153548603824,No Leak,GOA,1,Normal,No Leak,Low Risk
19.42033634605144,161.26826717664215,6.508579060235087,Leak,GUJARAT,-1,Anomaly,Leak,High Risk
52.36916460455894,104.56753219153784,2.4764372736014693,No Leak,GOA,1,Normal,No Leak,Low Risk
23.345422334156442,160.38567847283537,6.000000694136369,Leak,DELHI,-1,Anomaly,Leak,High Risk
45.92094857517281,93.1894834252512,2.8475255202153766,No Leak,UTTAR PRADESH,1,Normal,No Leak,Low Risk
44.93584439832788,102.67050265869258,2.149376454182843,No Leak,UTTARAKHAND,1,Normal,No Leak,Low Risk
49.748809452754315,108.17766299200287,1.918603546963853,No Leak,JHARKHAND,1,Normal,No Leak,Low Risk
51.718091447842305,93.62260015748684,2.5936930257823754,No Leak,HIMACHAL PRADESH,1,Normal,No Leak,Low Risk
18.41126868293165,115.06843306919522,4.9176391446974375,Leak,ASSAM,-1,Anomaly,Leak,High Risk
24.32336116200662,138.2973100072382,6.195884612695337,Leak,HIMACHAL PRADESH,-1,Anomaly,Leak,High Risk
53.77695612912878,86.8816376764984,1.7433932167642074,No Leak,DELHI,1,Normal,No Leak,Low Risk
44.967721402974256,120.68388861763674,5.560005178359297,Leak,TAMIL NADU,-1,Anomaly,Leak,High Risk
49.36041204259617,101.33540904782282,2.000263979428299,No Leak,HIMACHAL PRADESH,1,Normal,No Leak,Low Risk
43.810922505865754,120.76747983560841,1.7037678704235528,No Leak,HIMACHAL PRADESH,1,Normal,No Leak,Low Risk
48.18193893893072,89.75813175670795,1.7208491230269847,No Leak,GOA,1,Normal,No Leak,Low Risk
41.62608530656827,98.7039445727589,4.198664532237337,Leak,PUNJAB,-1,Anomaly,Leak,High Risk
55.44475298483683,104.36323669674032,2.2209703247847044,No Leak,UTTARAKHAND,1,Normal,No Leak,Low Risk
44.24503211288849,115.79572145730712,1.7763390521706244,No Leak,ODISHA,1,Normal,No Leak,Low Risk
23.05365814498907,128.52104868783215,3.8613001750101956,Leak,ASSAM,-1,Anomaly,Leak,High Risk
43.099492708925546,94.46411758292005,1.7455181871462506,No Leak,UTTARAKHAND,1,Normal,No Leak,Low Risk
14.96060491888764,161.46039450429714,5.9328888233174135,Leak,DELHI,-1,Anomaly,Leak,High Risk
53.45071995855556,110.2257043200964,2.277802233001724,No Leak,HIMACHAL PRADESH,1,Normal,No Leak,Low Risk
53.39798874467338,89.77207434801595,2.009424811472424,No Leak,TELANGANA,1,Normal,No Leak,Low Risk
40.201649380601125,90.0164595926121,2.2117995327967304,No Leak,ASSAM,1,Normal,No Leak,Low Risk
26.735193286718236,146.40688025224912,4.689374719556202,Leak,GUJARAT,-1,Anomaly,Leak,High Risk
60.76591228755778,92.46035411133323,1.9906456217770514,No Leak,UTTARAKHAND,1,Normal,No Leak,Low Risk
47.1209087967766,112.36093175210438,2.463107701120796,No Leak,TAMIL NADU,1,Normal,No Leak,Low Risk
35.20908993458926,139.0948182428227,4.315578360303583,Leak,ASSAM,1,Normal,Leak,Medium Risk
22.67046467615006,111.8448763970616,4.342077446089908,Leak,DELHI,-1,Anomaly,Leak,High Risk
42.21685413238048,98.29815377475072,2.9978337448919823,No Leak,UTTAR PRADESH,1,Normal,No Leak,Low Risk
41.051632629523894,125.63908209215252,3.180028940695051,Leak,HIMACHAL PRADESH,1,Normal,Leak,Medium Risk
50.86590462925591,89.98379990105084,2.1065983141188447,No Leak,DELHI,1,Normal,No Leak,Low Risk
35.45641652570096,116.84330892295726,6.46155098276667,Leak,GOA,-1,Anomaly,Leak,High Risk
36.95324851511418,139.26412584198246,5.490328769242121,Leak,MAHARASHTRA,-1,Anomaly,Leak,High Risk
52.81484618345286,92.44254840507155,2.562717392207385,No Leak,MADHYA PRADESH,1,Normal,No Leak,Low Risk
28.12303544034069,126.07066833143806,5.324068830069707,Leak,TAMIL NADU,1,Normal,Leak,Medium Risk
34.5168474071488,135.93151090281523,2.9553540958079374,Leak,GOA,-1,Anomaly,Leak,High Risk
55.71877021603464,118.26009713546937,2.003399922279999,No Leak,ANDHRA PRADESH,1,Normal,No Leak,Low Risk
36.86760893325332,119.67140712224857,2.8152760393417795,Leak,TAMIL NADU,1,Normal,No Leak,Low Risk
55.79297789503702,101.9652116970147,2.037716819450796,No Leak,UTTARAKHAND,1,Normal,No Leak,Low Risk
19.19140507033583,122.97171528572535,4.459984570405023,Leak,HIMACHAL PRADESH,-1,Anomaly,Leak,High Risk
46.59987639210755,87.48460575809555,1.6729621584362881,No Leak,GOA,1,Normal,No Leak,Low Risk
31.414566977115182,142.39422891932273,8.231640396776596,Leak,HARYANA,-1,Anomaly,Leak,High Risk
30.464181878467162,111.46603382305378,4.745349236118618,Leak,UTTAR PRADESH,-1,Anomaly,Leak,High Risk
63.161910324186955,103.67365506816178,2.130625265616928,No Leak,PUNJAB,1,Normal,No Leak,Low Risk
49.867430622753915,102.1915032766394,1.9398094180232008,No Leak,ANDHRA PRADESH,1,Normal,No Leak,Low Risk
50.321400095477316,100.380034781682,1.454800461278577,No Leak,UTTAR PRADESH,1,Normal,No Leak,Low Risk
53.554799841017456,84.74343685429905,1.7012449026541792,No Leak,JHARKHAND,1,Normal,No Leak,Low Risk
45.9886136538919,112.78451862607298,2.5548499209781115,No Leak,TAMIL NADU,1,Normal,No Leak,Low Risk
58.77670421221602,103.09820710227028,2.1386884689790957,No Leak,ASSAM,1,Normal,No Leak,Low Risk
50.33759240705054,121.45149127773388,1.3803708025732637,No Leak,JHARKHAND,1,Normal,No Leak,Low Risk
45.38383376944548,98.99845923520047,2.529968192023311,No Leak,PUNJAB,1,Normal,No Leak,Low Risk
47.70319550229878,113.01741289398798,1.2880214237749275,No Leak,HARYANA,1,Normal,No Leak,Low Risk
50.88850500466627,102.00569197230944,1.5181205368946946,No Leak,MAHARASHTRA,1,Normal,No Leak,Low Risk
48.28656202959826,98.65982833327082,1.6621459604191942,No Leak,GOA,1,Normal,No Leak,Low Risk
53.75966516343387,101.94089992898307,1.7822568147150784,No Leak,HIMACHAL PRADESH,1,Normal,No Leak,Low Risk
53.058381444204336,111.89016531107552,1.8234168535946558,No Leak,HARYANA,1,Normal,No Leak,Low Risk
51.73224104748488,103.52055396514297,2.338937659765454,No Leak,JHARKHAND,1,Normal,No Leak,Low Risk
50.23490296882371,105.43298029036387,1.8460192351804798,No Leak,DELHI,1,Normal,No Leak,Low Risk
33.46367860288557,124.06785081860403,3.622770332221199,Leak,MADHYA PRADESH,1,Normal,Leak,Medium Risk
52.56892975456105,106.35171801681969,2.254362511614967,No Leak,RAJASTHAN,1,Normal,No Leak,Low Risk
50.99042380383928,112.89752754082745,0.6978930716864329,No Leak,TELANGANA,1,Normal,No Leak,Low Risk
35.517662441961555,116.9582222281388,3.598664538478478,Leak,UTTAR PRADESH,1,Normal,Leak,Medium Risk
62.800422691343975,75.75759739727059,1.2388204068910544,No Leak,HARYANA,-1,Anomaly,No Leak,Medium Risk
47.65262807032524,112.55756125573521,2.1615396365580146,No Leak,TELANGANA,1,Normal,No Leak,Low Risk
36.6378593430334,85.88867885801861,4.00033273159909,Leak,TELANGANA,-1,Anomaly,Leak,High Risk
51.04431797502378,115.50500492814076,1.5224387103253236,No Leak,ASSAM,1,Normal,No Leak,Low Risk
45.071369768322285,80.06264357428545,1.6709417554623718,No Leak,PUNJAB,1,Normal,No Leak,Low Risk
55.632825147738785,117.02214944635239,2.7555774651236735,No Leak,UTTAR PRADESH,1,Normal,No Leak,Low Risk
55.16232630275574,102.60673765823907,2.459577086805001,No Leak,HIMACHAL PRADESH,1,Normal,No Leak,Low Risk
53.05185132716733,98.60410371844826,2.184821096099047,No Leak,GOA,1,Normal,No Leak,Low Risk
50.93383382238539,90.01614560811709,1.7605812719957978,No Leak,TELANGANA,1,Normal,No Leak,Low Risk
58.382186561376415,117.11708480142343,1.9620244881787385,No Leak,DELHI,1,Normal,No Leak,Low Risk
56.72710023077489,91.60790332660994,1.9093879133909486,No Leak,ODISHA,1,Normal,No Leak,Low Risk
52.04126377857236,103.23167714184781,1.2410631266595953,No Leak,PUNJAB,1,Normal,No Leak,Low Risk
24.482177807486607,125.11839052651598,2.443320224231359,Leak,TAMIL NADU,-1,Anomaly,Leak,High Risk
33.79366329965464,111.48765700372104,2.3967443602761067,No Leak,ASSAM,1,Normal,No Leak,Low Risk
53.27182828177029,113.28194141849058,1.3747961330151413,No Leak,RAJASTHAN,1,Normal,No Leak,Low Risk
51.536497604383044,80.01799315467892,2.7993235852523584,No Leak,MAHARASHTRA,-1,Anomaly,No Leak,Medium Risk
51.66157005989796,97.05050321707972,2.4147374209658743,No Leak,GUJARAT,1,Normal,No Leak,Low Risk
51.252464251729386,97.5876394214367,0.6483838535003814,No Leak,DELHI,1,Normal,No Leak,Low Risk
49.649171442706766,91.7240977935128,2.4450992055623932,No Leak,HARYANA,1,Normal,No Leak,Low Risk
48.32107650354936,106.62881268667412,2.052947226557617,No Leak,GOA,1,Normal,No Leak,Low Risk
14.64261475041875,142.24937588027205,5.459586781689114,Leak,JHARKHAND,-1,Anomaly,Leak,High Risk
50.4329489373645,88.2988697394064,1.9120727977839644,No Leak,HARYANA,1,Normal,No Leak,Low Risk
26.902954801683883,139.38535179617054,4.368502572179095,Leak,ANDHRA PRADESH,1,Normal,Leak,Medium Risk
58.43570817536282,88.96633393826127,1.7733757954884932,No Leak,DELHI,1,Normal,No Leak,Low Risk
43.39771693457862,93.08091930118755,2.2505470849699227,No Leak,GOA,1,Normal,No Leak,Low Risk
43.81524644560959,84.74474829075261,2.4875988148912147,No Leak,ANDHRA PRADESH,1,Normal,No Leak,Low Risk
51.5390088444603,112.21033695525352,2.2197506153101134,No Leak,HIMACHAL PRADESH,1,Normal,No Leak,Low Risk
22.58895096014769,163.70028557417018,4.453352568771355,Leak,GUJARAT,-1,Anomaly,Leak,High Risk
55.07185032509065,71.2773778671835,1.6698394302632764,No Leak,ODISHA,-1,Anomaly,No Leak,Medium Risk
49.27819794038029,106.73181351269959,2.0994740733982473,No Leak,ODISHA,1,Normal,No Leak,Low Risk
46.40777889373782,115.94505063224972,2.5630251253860843,No Leak,JHARKHAND,1,Normal,No Leak,Low Risk
51.06989955367111,90.79326406920634,1.9483891235337518,No Leak,MADHYA PRADESH,1,Normal,No Leak,Low Risk
43.92905693606134,88.53654606981311,1.5403077042067883,No Leak,PUNJAB,1,Normal,No Leak,Low Risk
52.366188122867726,115.0339830176715,1.8453954614750683,No Leak,ANDHRA PRADESH,1,Normal,No Leak,Low Risk
42.990744686038596,92.99879185060827,2.307683742006527,No Leak,JHARKHAND,1,Normal,No Leak,Low Risk
24.273920087113986,150.61161171248114,5.26464971241664,Leak,MADHYA PRADESH,-1,Anomaly,Leak,High Risk
41.10639875547861,96.77320161157864,1.8434709847384227,No Leak,JHARKHAND,1,Normal,No Leak,Low Risk
50.92316929266152,99.00824136220618,2.5809391513040953,No Leak,PUNJAB,1,Normal,No Leak,Low Risk
32.62256938274468,107.38769330124947,6.3627441766195325,Leak,PUNJAB,-1,Anomaly,Leak,High Risk
50.768625529727636,106.4084286126701,1.6019870715982556,No Leak,MAHARASHTRA,1,Normal,No Leak,Low Risk
57.480221557445915,97.49166983544953,1.999645702711677,No Leak,MAHARASHTRA,1,Normal,No Leak,Low Risk
48.073432015691196,108.50221742113493,1.5970649667519057,No Leak,UTTARAKHAND,1,Normal,No Leak,Low Risk
54.24801048510513,100.519458858073,1.9451950980370847,No Leak,UTTARAKHAND,1,Normal,No Leak,Low Risk
42.02786170602816,101.25224502647907,1.6624108625128091,No Leak,JHARKHAND,1,Normal,No Leak,Low Risk
57.013971554680495,101.32969674146877,2.3694052404437516,No Leak,TAMIL NADU,1,Normal,No Leak,Low Risk
52.41236207621593,99.5228864385802,2.380027981844801,No Leak,HIMACHAL PRADESH,1,Normal,No Leak,Low Risk
55.41525621587638,100.59630369920174,1.6457966165447686,No Leak,ASSAM,1,Normal,No Leak,Low Risk
41.48308780322422,105.68983079185276,1.9872128439040029,No Leak,DELHI,1,Normal,No Leak,Low Risk
47.625273444195216,106.52322878413419,2.6328539204323502,No Leak,GUJARAT,1,Normal,No Leak,Low Risk
46.25756731721723,112.47742072673734,1.9030869306135982,No Leak,TAMIL NADU,1,Normal,No Leak,Low Risk
34.44410117073799,141.2576172034871,3.9329110061260106,Leak,RAJASTHAN,-1,Anomaly,Leak,High Risk
46.48411787437056,97.18672442881787,2.76686385495825,No Leak,JHARKHAND,1,Normal,No Leak,Low Risk
53.592755402469805,132.89775666193782,4.500566714137696,Leak,ODISHA,-1,Anomaly,Leak,High Risk
27.04378456933313,151.43086304469773,4.640194164470143,Leak,PUNJAB,-1,Anomaly,Leak,High Risk
29.636710256542095,99.28855753585788,6.666005333850137,Leak,GUJARAT,-1,Anomaly,Leak,High Risk
47.482621729419,99.34249738927012,2.919091838397561,No Leak,PUNJAB,1,Normal,No Leak,Low Risk
50.36658983594202,116.07345576019992,1.5230302903016777,No Leak,ANDHRA PRADESH,1,Normal,No Leak,Low Risk
50.026218498590914,101.22297503032284,1.6037900395000193,No Leak,ODISHA,1,Normal,No Leak,Low Risk
52.7989522396552,104.28816500330574,2.016398497705793,No Leak,ANDHRA PRADESH,1,Normal,No Leak,Low Risk
53.538759677277376,107.94264679621827,1.9220509110316661,No Leak,MAHARASHTRA,1,Normal,No Leak,Low Risk
52.362987412065216,84.05296932733205,2.287602508053283,No Leak,UTTAR PRADESH,1,Normal,No Leak,Low Risk
27.96035365157042,102.01387650396117,5.9095062199083435,Leak,PUNJAB,-1,Anomaly,Leak,High Risk
50.40937069693161,104.24165946401916,1.506410236424408,No Leak,JHARKHAND,1,Normal,No Leak,Low Risk
58.34510762644696,111.73473857485325,2.292206490236242,No Leak,MADHYA PRADESH,1,Normal,No Leak,Low Risk
32.62303619327486,87.99946984696751,7.218330599955694,Leak,ASSAM,-1,Anomaly,Leak,High Risk
45.12063373511334,91.2201741324344,2.3417846616002387,No Leak,ASSAM,1,Normal,No Leak,Low Risk
19.60335010457922,117.90510670923575,4.903280300843887,Leak,PUNJAB,-1,Anomaly,Leak,High Risk
23.18874852591749,132.47095391911165,6.5550461382356175,Leak,ASSAM,-1,Anomaly,Leak,High Risk
57.965933133196984,89.55190805978967,1.675313480839287,No Leak,ODISHA,1,Normal,No Leak,Low Risk
32.430548764839,109.82890631847584,4.9627292805549175,Leak,JHARKHAND,-1,Anomaly,Leak,High Risk
47.12181086881113,99.78632705651565,1.485314245908964,No Leak,HARYANA,1,Normal,No Leak,Low Risk
51.7087798788858,90.1751260646169,2.3625478934239985,No Leak,GOA,1,Normal,No Leak,Low Risk
27.602586815945703,126.46451673768436,3.3580219534006277,Leak,HARYANA,-1,Anomaly,Leak,High Risk
45.845249417944814,104.74698232879953,2.3015937155411716,No Leak,TAMIL NADU,1,Normal,No Leak,Low Risk
42.84929311019684,111.6082678737852,2.5633525684137917,No Leak,UTTAR PRADESH,1,Normal,No Leak,Low Risk
19.388222973511336,159.11644644293534,2.686792904785268,Leak,HARYANA,-1,Anomaly,Leak,High Risk
49.836526259529535,97.96419639897638,1.795358780943448,No Leak,UTTAR PRADESH,1,Normal,No Leak,Low Risk
44.81376922836772,109.19076482987768,2.335240308620606,No Leak,GUJARAT,1,Normal,No Leak,Low Risk
50.30115104970513,102.49383683710755,0.9136652269929819,No Leak,DELHI,1,Normal,No Leak,Low Risk
55.79664901682124,125.58199285668252,2.4894290253908977,No Leak,ANDHRA PRADESH,1,Normal,No Leak,Low Risk
50.22785919951907,103.9922312260528,2.4765683169566226,No Leak,UTTAR PRADESH,1,Normal,No Leak,Low Risk
28.325489443365107,142.51261867292,6.474776602986874,Leak,GOA,-1,Anomaly,Leak,High Risk
43.776726483442914,115.01333651955487,2.17780667439283,No Leak,HIMACHAL PRADESH,1,Normal,No Leak,Low Risk
39.63304883795925,93.90217095680617,1.7563857179432238,No Leak,HIMACHAL PRADESH,1,Normal,No Leak,Low Risk
54.79635413042603,99.37406872100478,2.0973680973593876,No Leak,GUJARAT,1,Normal,No Leak,Low Risk
33.11327356534343,117.00469546303466,6.526824200128122,Leak,TELANGANA,-1,Anomaly,Leak,High Risk
19.661898439155053,113.0473214276183,6.772321311341929,Leak,DELHI,-1,Anomaly,Leak,High Risk
46.74199826197091,106.4719593970274,2.143562082600912,No Leak,HIMACHAL PRADESH,1,Normal,No Leak,Low Risk
55.40390362777311,106.93105607263143,1.6207523326499653,No Leak,RAJASTHAN,1,Normal,No Leak,Low Risk
44.44712077267086,98.79051851392218,2.339686641478252,No Leak,JHARKHAND,1,Normal,No Leak,Low Risk
48.44866621703272,99.42381202966415,1.689576200874442,No Leak,HARYANA,1,Normal,No Leak,Low Risk
48.84532734895661,112.38283071433636,1.9054398046114833,No Leak,PUNJAB,1,Normal,No Leak,Low Risk
53.558074390444446,87.56136764608715,1.196220067815513,No Leak,RAJASTHAN,1,Normal,No Leak,Low Risk
36.32297516841369,142.44139980612098,4.655062976719574,Leak,MADHYA PRADESH,-1,Anomaly,Leak,High Risk
58.48228184145019,114.77530081055262,2.443827712936918,No Leak,UTTAR PRADESH,1,Normal,No Leak,Low Risk
51.613592801690444,109.81765486991594,2.5280284045330257,No Leak,RAJASTHAN,1,Normal,No Leak,Low Risk
52.219097140731144,105.43600154594432,2.1443468146399285,No Leak,GUJARAT,1,Normal,No Leak,Low Risk
52.58829510234561,93.97787939638219,0.9233285400643778,No Leak,GUJARAT,1,Normal,No Leak,Low Risk
49.37106539950176,88.96791634278317,1.6997882171306475,No Leak,UTTAR PRADESH,1,Normal,No Leak,Low Risk
49.20996050710505,108.60473488359746,1.0149480911440822,No Leak,HIMACHAL PRADESH,1,Normal,No Leak,Low Risk
57.93008408072676,96.78364948782617,1.382825564060039,No Leak,UTTAR PRADESH,1,Normal,No Leak,Low Risk
54.36160318360339,83.07043185804615,2.5620563599930066,No Leak,UTTAR PRADESH,1,Normal,No Leak,Low Risk
46.20433669223151,90.10371863429663,2.4765625226880434,No Leak,ODISHA,1,Normal,No Leak,Low Risk
47.64034067105283,117.27543170100711,2.084327335983364,No Leak,HIMACHAL PRADESH,1,Normal,No Leak,Low Risk
33.11691341896723,126.9832457686661,6.825207472591256,Leak,TELANGANA,-1,Anomaly,Leak,High Risk
38.14129173474802,141.9758877912382,7.199068452175042,Leak,HARYANA,-1,Anomaly,Leak,High Risk
42.42404468900724,89.07687235327421,2.0443287954807188,No Leak,ASSAM,1,Normal,No Leak,Low Risk
42.962681128117225,85.59949117405705,1.985368593157511,No Leak,ASSAM,1,Normal,No Leak,Low Risk
47.56437308117652,91.01532018208962,2.8213364766279816,No Leak,MAHARASHTRA,1,Normal,No Leak,Low Risk
43.52460613968192,107.34877786049817,2.3431592284783505,No Leak,RAJASTHAN,1,Normal,No Leak,Low Risk
28.37615490083474,104.07766671500211,5.112046849131982,Leak,TAMIL NADU,-1,Anomaly,Leak,High Risk
46.45234851863633,115.15031534923232,6.893741669074622,Leak,HARYANA,-1,Anomaly,Leak,High Risk
23.39671576016836,150.90176948169506,5.9006950010261185,Leak,TELANGANA,-1,Anomaly,Leak,High Risk
51.119420121395656,105.07835756289624,1.8764871496270017,No Leak,HIMACHAL PRADESH,1,Normal,No Leak,Low Risk
41.89796924268742,147.0905045413323,4.384164362583925,Leak,MAHARASHTRA,-1,Anomaly,Leak,High Risk
27.826759117391575,106.20666681819277,3.795134483789588,Leak,MAHARASHTRA,-1,Anomaly,Leak,High Risk
48.63638215126165,93.4864310620817,2.0521779687616064,No Leak,HIMACHAL PRADESH,1,Normal,No Leak,Low Risk
32.35379303210795,122.58983802819942,4.293359807913565,Leak,GUJARAT,1,Normal,Leak,Medium Risk
47.56196887963753,94.53755551747517,1.8124018098380315,No Leak,RAJASTHAN,1,Normal,No Leak,Low Risk
30.027004052777286,114.8343586222482,4.716133655337265,Leak,RAJASTHAN,-1,Anomaly,Leak,High Risk
53.85432596943483,110.39904687396077,2.0923702894478624,No Leak,DELHI,1,Normal,No Leak,Low Risk
55.26576426666452,89.90269295290062,1.275177390150735,No Leak,PUNJAB,1,Normal,No Leak,Low Risk
47.491214782077314,118.46707325736034,2.5938396942307818,No Leak,MAHARASHTRA,1,Normal,No Leak,Low Risk
52.524936394902284,110.78680833431295,1.7256375461295193,No Leak,ODISHA,1,Normal,No Leak,Low Risk
54.6201350960345,110.24062525811462,2.3252250462680695,No Leak,ANDHRA PRADESH,1,Normal,No Leak,Low Risk
53.28276804316915,104.47708560017315,2.657457226792024,No Leak,MAHARASHTRA,1,Normal,No Leak,Low Risk
46.18370421728741,100.6447441481012,2.011232946406023,No Leak,PUNJAB,1,Normal,No Leak,Low Risk
43.89578175014489,102.3421473253652,1.7981757683790016,No Leak,UTTARAKHAND,1,Normal,No Leak,Low Risk
54.17846056032571,101.60573981049865,2.0823804206182586,No Leak,ODISHA,1,Normal,No Leak,Low Risk
45.55242785187238,101.2810441491079,2.021801223186227,No Leak,UTTARAKHAND,1,Normal,No Leak,Low Risk
62.8667990162493,105.65509645631545,1.3738032777934404,No Leak,DELHI,-1,Anomaly,No Leak,Medium Risk
29.889298031246103,109.66633742847006,5.1695085681049555,Leak,GOA,-1,Anomaly,Leak,High Risk
31.915236004283017,147.80495001673017,4.723370449783699,Leak,HARYANA,-1,Anomaly,Leak,High Risk
28.124737597469423,101.88865961642716,3.9952850827403594,Leak,ANDHRA PRADESH,-1,Anomaly,Leak,High Risk
49.41373189076418,79.40879844611393,5.3888684338658726,Leak,RAJASTHAN,-1,Anomaly,Leak,High Risk
41.4870819788108,98.52397413701331,1.8214853995966953,No Leak,UTTAR PRADESH,1,Normal,No Leak,Low Risk
42.68242525933941,106.48709887589642,2.9694644995291424,No Leak,RAJASTHAN,1,Normal,No Leak,Low Risk
48.369882339160796,90.26931059118445,2.570074519260633,No Leak,GUJARAT,1,Normal,No Leak,Low Risk
46.037396307836495,116.83927691457869,1.9357312442805346,No Leak,HARYANA,1,Normal,No Leak,Low Risk
46.875907111521606,116.6125921454787,2.2460094239963997,No Leak,ASSAM,1,Normal,No Leak,Low Risk
54.14702790591745,114.71170327493608,1.5824285491849885,No Leak,DELHI,1,Normal,No Leak,Low Risk
48.1951691709046,94.48141854107553,2.8694498318987893,No Leak,TAMIL NADU,1,Normal,No Leak,Low Risk
59.82362566458195,105.58326912521723,2.425448981083986,No Leak,UTTARAKHAND,1,Normal,No Leak,Low Risk
51.272104216506065,107.59155160302647,2.115350452859342,No Leak,GUJARAT,1,Normal,No Leak,Low Risk
30.20310736433928,145.13577359973965,4.537973825944563,Leak,MADHYA PRADESH,-1,Anomaly,Leak,High Risk
52.5751763360433,108.95193220027733,2.1335633255057416,No Leak,DELHI,1,Normal,No Leak,Low Risk
43.39883396489679,93.98632356048786,2.5944566857373212,No Leak,MADHYA PRADESH,1,Normal,No Leak,Low Risk
44.59471729795869,76.37067564458161,1.9582810151048196,No Leak,GUJARAT,-1,Anomaly,No Leak,Medium Risk
56.76936187082706,105.52489954417148,1.559062674386141,No Leak,DELHI,1,Normal,No Leak,Low Risk
49.82505754751519,100.66990717224871,1.732099268473851,No Leak,HIMACHAL PRADESH,1,Normal,No Leak,Low Risk
23.729874675308828,130.31236667899205,4.2705496871890185,Leak,ODISHA,-1,Anomaly,Leak,High Risk
48.815906966299956,95.16114165945679,1.64042334037879,No Leak,JHARKHAND,1,Normal,No Leak,Low Risk
48.82923312638332,95.65503772567685,1.7586282389089838,No Leak,TELANGANA,1,Normal,No Leak,Low Risk
46.86516471106116,84.37454143113457,1.4417377800256705,No Leak,ASSAM,1,Normal,No Leak,Low Risk
48.702043243181976,101.81021558703706,2.9882202922577425,No Leak,ANDHRA PRADESH,1,Normal,No Leak,Low Risk
20.952892517392677,120.29388329264263,6.182539622738262,Leak,PUNJAB,-1,Anomaly,Leak,High Risk
51.3998431315991,104.55887772081607,2.441166531161705,No Leak,GOA,1,Normal,No Leak,Low Risk
58.32737222231288,88.30083164289712,2.0035315793140884,No Leak,MADHYA PRADESH,1,Normal,No Leak,Low Risk
52.8853606359027,74.46078865098045,1.1995480107617422,No Leak,RAJASTHAN,-1,Anomaly,No Leak,Medium Risk
49.0800833182366,110.88748619704185,2.3343708277962563,No Leak,MADHYA PRADESH,1,Normal,No Leak,Low Risk
52.44687280613959,96.00363814385398,1.5094172344301593,No Leak,GOA,1,Normal,No Leak,Low Risk
50.025567283212304,112.06508966508358,2.2569539248294577,No Leak,TELANGANA,1,Normal,No Leak,Low Risk
43.387616722388294,117.51309220573552,4.885442903493113,Leak,MADHYA PRADESH,-1,Anomaly,Leak,High Risk
51.737908526808354,115.43243528272188,1.8064501487627995,No Leak,UTTAR PRADESH,1,Normal,No Leak,Low Risk
48.90449735595568,83.86438602123259,2.07587899612437,No Leak,HIMACHAL PRADESH,1,Normal,No Leak,Low Risk
44.66189785308703,92.98008312193245,2.000602737681112,No Leak,ODISHA,1,Normal,No Leak,Low Risk
43.00716213090429,98.25040243304592,1.5651684593626527,No Leak,UTTAR PRADESH,1,Normal,No Leak,Low Risk
55.285611131094576,124.55300139910895,2.4928649978399315,No Leak,RAJASTHAN,1,Normal,No Leak,Low Risk
49.93251387631033,89.95859233247933,1.678225083841269,No Leak,HARYANA,1,Normal,No Leak,Low Risk
53.10336048775339,91.89747562985619,2.130140253291443,No Leak,DELHI,1,Normal,No Leak,Low Risk
17.147383194090565,137.95854099893617,4.809145747519938,Leak,JHARKHAND,-1,Anomaly,Leak,High Risk
51.788936801741414,113.99355436586002,2.950595342876504,No Leak,GUJARAT,1,Normal,No Leak,Low Risk
45.402878828830985,104.40014450053333,2.399970950971025,No Leak,HIMACHAL PRADESH,1,Normal,No Leak,Low Risk
51.87849009172836,94.77139972846732,2.6405081808675566,No Leak,ASSAM,1,Normal,No Leak,Low Risk
25.15311343392885,143.5828555087639,2.3141225200100335,Leak,GOA,-1,Anomaly,Leak,High Risk
46.34816684141432,97.42623462576655,2.3541072116282784,No Leak,JHARKHAND,1,Normal,No Leak,Low Risk
54.408198784747256,78.47109407047517,2.7262337672353727,No Leak,GOA,-1,Anomaly,No Leak,Medium Risk
53.1620386952776,102.9355793216663,2.080009112926394,No Leak,ASSAM,1,Normal,No Leak,Low Risk
60.94901466608836,90.11408892849083,1.6135611660881954,No Leak,ODISHA,1,Normal,No Leak,Low Risk
51.40495933867516,97.40957854179297,1.763080326464542,No Leak,ASSAM,1,Normal,No Leak,Low Risk
55.89648592031913,91.64652946740243,2.3177090151046134,No Leak,HIMACHAL PRADESH,1,Normal,No Leak,Low Risk
42.96244152641089,92.1510168691776,1.4563770305685986,No Leak,RAJASTHAN,1,Normal,No Leak,Low Risk
52.45959585753253,86.65974505081796,2.377145664906787,No Leak,ASSAM,1,Normal,No Leak,Low Risk
52.39489912873196,120.13387247526623,3.012154811643426,No Leak,RAJASTHAN,1,Normal,No Leak,Low Risk
45.62190873307621,102.67392314071903,1.223120616991968,No Leak,DELHI,1,Normal,No Leak,Low Risk
54.06758608684835,102.43800713771199,2.4751537959867878,No Leak,ASSAM,1,Normal,No Leak,Low Risk
44.468325129969855,115.47505201330061,0.9390725504957027,No Leak,HARYANA,1,Normal,No Leak,Low Risk
38.49039417632208,106.09138120907177,2.618065360903109,No Leak,TELANGANA,1,Normal,No Leak,Low Risk
49.72852566741094,105.86364018755093,1.334843187130505,No Leak,HIMACHAL PRADESH,1,Normal,No Leak,Low Risk
50.498256825438204,115.65524029234341,2.1836436567006703,No Leak,TELANGANA,1,Normal,No Leak,Low Risk
41.7134179100195,124.8764049500924,6.516448013185602,Leak,JHARKHAND,-1,Anomaly,Leak,High Risk
41.652973594393146,100.56649924897107,3.206307710806458,No Leak,GUJARAT,1,Normal,No Leak,Low Risk
26.50588610209426,109.34952192944921,7.662536280137761,Leak,UTTARAKHAND,-1,Anomaly,Leak,High Risk
22.5966029915233,147.90710861525199,4.365226750323182,Leak,ANDHRA PRADESH,-1,Anomaly,Leak,High Risk
54.06262911197099,93.87211309515614,2.6484972732805545,No Leak,JHARKHAND,1,Normal,No Leak,Low Risk
21.01964155004469,125.97016932104964,7.086621622223998,Leak,GOA,-1,Anomaly,Leak,High Risk
41.375410837434835,110.31844539468635,1.9097600432046873,No Leak,UTTARAKHAND,1,Normal,No Leak,Low Risk
59.328872555723784,103.42725346377703,1.931275742686154,No Leak,ODISHA,1,Normal,No Leak,Low Risk
53.69233289997705,99.50536290347567,2.012109728336379,No Leak,HIMACHAL PRADESH,1,Normal,No Leak,Low Risk
50.386841538238095,99.93929088460106,2.311103572021701,No Leak,MAHARASHTRA,1,Normal,No Leak,Low Risk
45.95850857322424,88.96410682784229,2.2035261435622675,No Leak,PUNJAB,1,Normal,No Leak,Low Risk
49.63585543671564,108.77362290575671,1.6239217972047084,No Leak,MADHYA PRADESH,1,Normal,No Leak,Low Risk
49.519700501376754,108.8404539636105,2.556344187494963,No Leak,MADHYA PRADESH,1,Normal,No Leak,Low Risk
46.13587392731214,93.48581996385552,0.9240922993353475,No Leak,HARYANA,1,Normal,No Leak,Low Risk
51.03843843581556,70.78649516505394,1.5352445699037949,No Leak,RAJASTHAN,-1,Anomaly,No Leak,Medium Risk
46.61538999847021,93.62612872693482,2.097192150788668,No Leak,HARYANA,1,Normal,No Leak,Low Risk
19.29115360221401,131.90688398882617,5.350631273991648,Leak,PUNJAB,-1,Anomaly,Leak,High Risk
48.393070791735035,87.72392184863007,2.233846585882717,No Leak,UTTAR PRADESH,1,Normal,No Leak,Low Risk
46.94241098504026,107.6608027838469,2.346739455956997,No Leak,TELANGANA,1,Normal,No Leak,Low Risk
49.71527188139466,118.54092566334188,1.4499228835141524,No Leak,ANDHRA PRADESH,1,Normal,No Leak,Low Risk
50.85432719063971,96.27793223928947,1.9972019905854768,No Leak,HIMACHAL PRADESH,1,Normal,No Leak,Low Risk
46.53545202369673,99.19283419891417,1.8149944850589361,No Leak,UTTAR PRADESH,1,Normal,No Leak,Low Risk
55.245046129184445,94.48814283671467,1.5009696863427935,No Leak,ASSAM,1,Normal,No Leak,Low Risk
54.58930973527388,103.95803533437409,2.887655446304756,No Leak,GOA,1,Normal,No Leak,Low Risk
50.09216966532696,118.84586305934609,1.4541495619303428,No Leak,HARYANA,1,Normal,No Leak,Low Risk
50.17631775985864,100.76005391412411,1.9313141058003016,No Leak,HIMACHAL PRADESH,1,Normal,No Leak,Low Risk
46.03563583868828,87.90358981308795,1.590371070139251,No Leak,HIMACHAL PRADESH,1,Normal,No Leak,Low Risk
25.146397641877627,141.462556264824,5.309303048171301,Leak,DELHI,-1,Anomaly,Leak,High Risk
32.17196248660518,143.36680977436163,5.9769821145419195,Leak,HARYANA,-1,Anomaly,Leak,High Risk
33.85799162144526,141.9445643650677,3.6772494201962918,Leak,PUNJAB,-1,Anomaly,Leak,High Risk
50.65370288643046,103.46503881730716,1.7945928560227076,No Leak,TAMIL NADU,1,Normal,No Leak,Low Risk
52.803922631841175,109.24633682912769,1.9696695930926895,No Leak,ANDHRA PRADESH,1,Normal,No Leak,Low Risk
53.93542301871226,113.29152530132431,2.3710637455359462,No Leak,GUJARAT,1,Normal,No Leak,Low Risk
47.94061516938766,74.0895770785509,1.6918192959802614,No Leak,TAMIL NADU,-1,Anomaly,No Leak,Medium Risk
46.108476372988434,88.80382566710989,2.424551055371572,No Leak,MADHYA PRADESH,1,Normal,No Leak,Low Risk
47.00312488523114,95.70594458874747,1.927740664642241,No Leak,PUNJAB,1,Normal,No Leak,Low Risk
46.4782815472862,91.81801116577692,1.8080143640238242,No Leak,JHARKHAND,1,Normal,No Leak,Low Risk
52.88278481527883,123.19329539981695,2.307885574885571,No Leak,TAMIL NADU,1,Normal,No Leak,Low Risk
39.35671993942219,145.78113374751038,6.014189565421185,Leak,JHARKHAND,-1,Anomaly,Leak,High Risk
47.18766612052866,87.45710576830751,1.7258563517546994,No Leak,HARYANA,1,Normal,No Leak,Low Risk
52.02025428407269,100.46436548156149,1.8793711726907287,No Leak,ANDHRA PRADESH,1,Normal,No Leak,Low Risk
47.95962313489224,98.4147042697303,1.4924529040860657,No Leak,HARYANA,1,Normal,No Leak,Low Risk
47.115481721687985,90.31655545136366,2.2159612723369704,No Leak,MAHARASHTRA,1,Normal,No Leak,Low Risk
49.308678494144075,94.83955271782627,2.6874382095740925,No Leak,HARYANA,1,Normal,No Leak,Low Risk
37.34763555153931,136.84675668979244,4.724541613567584,Leak,RAJASTHAN,-1,Anomaly,Leak,High Risk
29.57503477585964,105.93598289221711,5.878990523335762,Leak,ODISHA,-1,Anomaly,Leak,High Risk
60.37700399322719,105.79291499601088,2.1232523892160025,No Leak,ASSAM,1,Normal,No Leak,Low Risk
48.90164056081244,125.26932425873622,2.201865045168305,No Leak,HIMACHAL PRADESH,1,Normal,No Leak,Low Risk
45.310874800424386,103.9348538542175,1.2079320284972552,No Leak,GOA,1,Normal,No Leak,Low Risk
54.11272456051594,99.65315112613219,1.8326123339467295,No Leak,TELANGANA,1,Normal,No Leak,Low Risk
42.14887640054772,99.64358517702516,2.724249614946463,No Leak,GOA,1,Normal,No Leak,Low Risk
50.24260813972413,110.85895565831578,1.8356907621255076,No Leak,TELANGANA,1,Normal,No Leak,Low Risk
53.4302572999922,98.52997998371511,2.6194731764697186,No Leak,TELANGANA,1,Normal,No Leak,Low Risk
47.348711908137794,112.27668992473292,1.3270645382633925,No Leak,GOA,1,Normal,No Leak,Low Risk
51.12046240905208,113.84272818510519,1.901330789846337,No Leak,TAMIL NADU,1,Normal,No Leak,Low Risk
54.84322495266444,105.07274031107298,1.7625481716887377,No Leak,GOA,1,Normal,No Leak,Low Risk
47.18137723598013,107.01172742310898,2.048991576735448,No Leak,MADHYA PRADESH,1,Normal,No Leak,Low Risk
27.761918652033323,103.75561613137188,7.06963597971333,Leak,HARYANA,-1,Anomaly,Leak,High Risk
56.00606961081972,111.96571501664491,2.790270343284187,No Leak,ODISHA,1,Normal,No Leak,Low Risk
51.160249686788184,100.15579047581467,1.815194831978183,No Leak,ODISHA,1,Normal,No Leak,Low Risk
46.364314120875655,83.8486818409449,1.8201156771054572,No Leak,GUJARAT,1,Normal,No Leak,Low Risk
49.42631779266551,95.4111573713106,1.0590754772511803,No Leak,TAMIL NADU,1,Normal,No Leak,Low Risk
40.43359877671101,101.96554776511574,1.9610814014935989,No Leak,UTTARAKHAND,1,Normal,No Leak,Low Risk
50.105019208163796,103.64961002466225,1.728663100132989,No Leak,HIMACHAL PRADESH,1,Normal,No Leak,Low Risk
53.78494308322676,89.53089017318061,2.9021740548933717,No Leak,UTTARAKHAND,1,Normal,No Leak,Low Risk
59.38085419607943,97.75366850002976,2.2580891435574793,No Leak,MADHYA PRADESH,1,Normal,No Leak,Low Risk
50.05116530509793,87.1700777581143,2.3898302661346698,No Leak,JHARKHAND,1,Normal,No Leak,Low Risk
54.11030079997245,93.2360769794073,3.085471358748907,No Leak,ASSAM,1,Normal,No Leak,Low Risk
43.99667123364337,166.1861269946622,5.354749386496514,Leak,PUNJAB,-1,Anomaly,Leak,High Risk
29.6574129495074,121.74004355713132,5.086444233540494,Leak,GOA,1,Normal,Leak,Medium Risk
36.515566785292144,94.71383318250243,1.550607975838436,No Leak,JHARKHAND,1,Normal,No Leak,Low Risk
33.125567367425155,139.14560809230483,5.472556757859502,Leak,ANDHRA PRADESH,1,Normal,Leak,Medium Risk
46.21824627357849,92.14010539492051,1.7247315752542083,No Leak,MAHARASHTRA,1,Normal,No Leak,Low Risk
32.97684378085491,147.49034148265045,5.316824097600404,Leak,ASSAM,-1,Anomaly,Leak,High Risk
46.746787154390866,105.36509843570404,1.405294053566336,No Leak,PUNJAB,1,Normal,No Leak,Low Risk
21.842685290463073,139.26369590535168,3.890640814244535,Leak,HIMACHAL PRADESH,-1,Anomaly,Leak,High Risk
54.32877597085061,99.61491530499293,2.0464224505705575,No Leak,TAMIL NADU,1,Normal,No Leak,Low Risk
39.80937732411073,99.72695460490068,1.5945712443948308,No Leak,JHARKHAND,1,Normal,No Leak,Low Risk
35.772500041009145,90.74748616654841,3.9083798996217998,Leak,RAJASTHAN,-1,Anomaly,Leak,High Risk
54.35562351715846,101.19580368414154,2.2491108742483927,No Leak,RAJASTHAN,1,Normal,No Leak,Low Risk
48.79837300920933,85.81634267066968,2.3916952546412977,No Leak,MADHYA PRADESH,1,Normal,No Leak,Low Risk
42.42576387657068,100.26885838994531,2.670225223011572,No Leak,ODISHA,1,Normal,No Leak,Low Risk
51.90098925502981,89.84178181021603,2.1718939407749427,No Leak,UTTARAKHAND,1,Normal,No Leak,Low Risk
49.075489317785056,105.92526949201184,1.2484598491200911,No Leak,ODISHA,1,Normal,No Leak,Low Risk
48.75481980221811,101.41716913639905,1.841963571986475,No Leak,JHARKHAND,1,Normal,No Leak,Low Risk
44.354741143913856,96.27166847908234,1.6612176738321724,No Leak,JHARKHAND,1,Normal,No Leak,Low Risk
51.35228412889919,99.74973041254856,1.7279429989429036,No Leak,DELHI,1,Normal,No Leak,Low Risk
51.65631715701782,94.47776955719029,1.4967287173601793,No Leak,ODISHA,1,Normal,No Leak,Low Risk
58.22483856750642,112.13097699979184,1.691174052282825,No Leak,JHARKHAND,1,Normal,No Leak,Low Risk
51.448874284482066,99.84690150827005,1.444271021531484,No Leak,UTTAR PRADESH,1,Normal,No Leak,Low Risk
25.359574069039656,108.16132199209375,4.138497331102878,Leak,HIMACHAL PRADESH,-1,Anomaly,Leak,High Risk
46.22308533823339,103.01791899819466,1.5686121179784398,No Leak,HIMACHAL PRADESH,1,Normal,No Leak,Low Risk
60.610780985063165,104.94030186282738,1.4031815841217599,No Leak,HARYANA,1,Normal,No Leak,Low Risk
48.87111849756732,114.0934744018558,1.2808610108413165,No Leak,MAHARASHTRA,1,Normal,No Leak,Low Risk
54.06754818000319,104.95681887972604,2.2504222374722285,No Leak,HIMACHAL PRADESH,1,Normal,No Leak,Low Risk
44.010610537055754,99.44230922342294,2.096794955683772,No Leak,UTTAR PRADESH,1,Normal,No Leak,Low Risk
45.126591648863396,106.42722759867544,2.8199822646856965,No Leak,HARYANA,1,Normal,No Leak,Low Risk
50.99529847786735,84.4341810134025,1.718915986710849,No Leak,ODISHA,1,Normal,No Leak,Low Risk
34.27703268897948,120.96681047680755,7.09683583749867,Leak,ASSAM,-1,Anomaly,Leak,High Risk
54.28199397161736,79.58265131575709,2.0575130395737085,No Leak,MADHYA PRADESH,1,Normal,No Leak,Low Risk
50.75196893238104,109.40771187988216,2.2565427100486466,No Leak,ASSAM,1,Normal,No Leak,Low Risk
40.72368841432278,126.309492846883,2.868504399840258,Leak,TELANGANA,1,Normal,Leak,Medium Risk
56.38838410949255,108.94924376944441,1.5300484494455677,No Leak,MADHYA PRADESH,1,Normal,No Leak,Low Risk
57.39972069445013,124.9299951743279,2.1502371798054143,No Leak,RAJASTHAN,1,Normal,No Leak,Low Risk
47.46528412314435,101.25576453471542,1.8284038622512948,No Leak,ODISHA,1,Normal,No Leak,Low Risk
59.062242789984644,94.70947322653706,2.617905810003469,No Leak,MAHARASHTRA,1,Normal,No Leak,Low Risk
52.73548690585019,93.76231039304194,1.4030374968004722,No Leak,HIMACHAL PRADESH,1,Normal,No Leak,Low Risk
47.26570529379804,87.75701763710634,2.202147377480849,No Leak,ANDHRA PRADESH,1,Normal,No Leak,Low Risk
42.24668284466934,94.44800473306802,1.8882670088140738,No Leak,GOA,1,Normal,No Leak,Low Risk
47.282876144331176,91.494795457907,1.4644731601754755,No Leak,GOA,1,Normal,No Leak,Low Risk
48.91097995695489,141.64053134169453,5.550064044261781,Leak,DELHI,-1,Anomaly,Leak,High Risk
48.82706433312426,91.83064329012764,2.089790890969799,No Leak,GOA,1,Normal,No Leak,Low Risk
57.25571803897521,101.04201103951875,2.3279503882648807,No Leak,HARYANA,1,Normal,No Leak,Low Risk
51.64375554829842,96.40707909212941,2.1005798279364196,No Leak,TELANGANA,1,Normal,No Leak,Low Risk
47.23175347326409,92.94988144241591,2.1312806645009625,No Leak,UTTAR PRADESH,1,Normal,No Leak,Low Risk
49.93876613576543,103.21357215450273,1.3852252027737917,No Leak,TAMIL NADU,1,Normal,No Leak,Low Risk
48.423653776798275,117.3596380316525,1.8657346760470839,No Leak,HIMACHAL PRADESH,1,Normal,No Leak,Low Risk
53.07083350021713,98.88773938651299,0.7805914208617855,No Leak,HIMACHAL PRADESH,1,Normal,No Leak,Low Risk
45.4530627260263,89.73484700588939,1.8702266612080414,No Leak,JHARKHAND,1,Normal,No Leak,Low Risk
62.228759898084135,93.56481769619857,1.7649789261202493,No Leak,MADHYA PRADESH,-1,Anomaly,No Leak,Medium Risk
57.32824384460777,94.82711549899628,2.0566352052688823,No Leak,JHARKHAND,1,Normal,No Leak,Low Risk
47.3863848974048,107.78361076166638,2.525973808861459,No Leak,JHARKHAND,1,Normal,No Leak,Low Risk
57.690182832329846,92.01702755461547,1.8165877940926562,No Leak,ASSAM,1,Normal,No Leak,Low Risk
59.43092950605265,86.40143859020081,2.3362868506013656,No Leak,UTTARAKHAND,-1,Anomaly,No Leak,Medium Risk
57.20636644533058,99.53079421120816,1.4471476657570321,No Leak,RAJASTHAN,1,Normal,No Leak,Low Risk
30.6076421433287,106.48810788750296,4.362542846470882,Leak,UTTAR PRADESH,-1,Anomaly,Leak,High Risk
50.37047390209887,116.39116805444067,3.3798300194555386,No Leak,DELHI,1,Normal,No Leak,Low Risk
48.286427417366156,100.28744822934817,2.317360734280885,No Leak,TELANGANA,1,Normal,No Leak,Low Risk
