STN code,Monitoring Location,Year,Type Water Body,State Name,Temperature (C) - Min,Temperature (C) - Max,Dissolved - Min,Dissolved - Max,pH - Min,pH - Max,Conductivity (¬µmho/cm) - Min,Conductivity (¬µmho/cm) - Max,BOD (mg/L) - Min,BOD (mg/L) - Max,NitrateN (mg/L) - Min,NitrateN (mg/L) - Max,Fecal Coliform (MPN/100ml) - Min,Fecal Coliform (MPN/100ml) - Max,Total Coliform (MPN/100ml) - Min,Total Coliform (MPN/100ml) - Max,Fecal - Min,Fecal - Max,Water_Quality_Label,Recommended_Coagulant_Dosage,Latitude,Longitude
4085,"RIVER JUMAR AT BIT MESRA, RANCHI",2022,RIVER,JHARKHAND,12.0,29.0,3.3,5.2,6.5,6.6,,680.0,2,2.9,,1.8,,170.0,,910.0,,,Poor,21.721211214956636,23.543817603762058,85.60615268200281
2396,RIVER JUMAR AT KANKE DAM,2022,RIVER,JHARKHAND,12.0,26.0,5.9,7.2,7.5,7.6,,680.0,1.9,3.2,,1.8,,170.0,,910.0,,,Poor,40.03428553413183,23.786459594753726,85.62547765535747
2401,RIVER AJAY AT MASANJORE DAM,2022,RIVER,JHARKHAND,17.0,36.0,5.8,6.6,7.5,7.8,94,318.0,1.3,1.6,,1.8,,170.0,,910.0,,,Good,14.49860961043667,23.210291499853874,84.89106125838047
3554,"RIVER KONAR NEAR SWANG COAL WASHERY, BOKARO",2022,RIVER,JHARKHAND,19.0,34.0,7.4,7.8,7.3,7.6,,680.0,1.8,2.7,,1.8,,170.0,,910.0,,,Good,23.592249777087076,23.45206605810547,85.06738966889714
2390,RIVER KONAR AT TENUGHAT DAM,2022,RIVER,JHARKHAND,16.0,33.0,7.4,8.0,7.4,7.8,,680.0,1.3,2.0,,1.8,,170.0,,910.0,,,Good,24.41311014508155,23.327604712653688,85.37332268560132
4000,RIVER GARGA NEAR TELMUCHO BRIDGE,2022,RIVER,JHARKHAND,15.0,30.0,6.5,7.5,7.2,7.5,,680.0,2.2,3.6,,1.8,,170.0,,910.0,,,Poor,40.0570985175452,23.284070875815036,85.63911305655009
2381,RIVER BOKARO AT ZARANGDIH BRIDGE,2022,RIVER,JHARKHAND,18.5,33.5,7.3,8.1,7.0,7.6,,680.0,1.6,2.8,,1.8,,170.0,,910.0,,,Good,23.056107470751556,23.359208169102136,85.64004089539766
1034,"RIVER SANKH AT BOLBA, JHARKHAND",2022,RIVER,JHARKHAND,12.0,27.0,7.8,8.5,7.3,7.5,,680.0,1.1,1.8,,1.8,,170.0,,910.0,,,Good,24.520419776188334,23.486648581634437,85.32522255055612
2392,RIVER BARAKAR AT MAITHAN DAM,2022,RIVER,JHARKHAND,13.0,26.0,7.3,7.8,7.4,7.6,,680.0,1.3,2.3,,1.8,,170.0,,910.0,,,Good,24.256261390043846,23.527613979384533,85.61238507981302
3555,"RIVER DAMODAR NEAR ZARANGDIH BRIDGE, BOKARO",2022,RIVER,JHARKHAND,18.0,33.0,7.5,8.7,7.4,7.6,,680.0,1.8,2.7,,1.8,,170.0,,910.0,,,Good,23.592249777087076,23.641253387202685,85.39315296715706
4083,"RIVER DAMODAR NEAR ROHINI PROJECT, NK AREA, PO-DAKRA, RANCHI",2022,RIVER,JHARKHAND,14.0,26.0,6.7,8.5,6.6,8.0,,680.0,1.5,3.0,,1.8,,170.0,,910.0,,,Good,40.0228658003205,23.545555611522634,85.191906171313
3553,RIVER DAMODAR NEAR TELMUCHO BRIDGE,2022,RIVER,JHARKHAND,14.5,30.0,7.3,8.5,7.4,7.7,,680.0,2.3,3.4,,1.8,,170.0,,910.0,,BDL,Poor,40.0456964500206,23.758375600317407,85.26869253367752
1510,RIVER TONS AT TIUNI (HIMACHAL PRADESH/UTTRA KHAND BORDER),2022,RIVER,HIMACHAL PRADESH,8.0,24.0,7.1,9.0,7.52,8.14,55,1000.0,,2.6,0.37,1.9,2,33.0,7.8,920.0,BDL,2,Good,25.25655650488164,30.868361799785216,77.25684838633597
30023,RIVER TONS AT HARIPUR (U.K.),2022,RIVER,UTTARAKHAND,14.0,23.5,8.7,9.4,8.1,8.5,158,290.0,,2.6,0.32,0.52,4,21000.0,13,79000.0,2,BDL,Poor,19.159102291787864,30.369293949112755,79.05893833720685
4027,RIVER GIRI D/S RAJGARH TOWN,2022,RIVER,HIMACHAL PRADESH,21.0,26.0,7.5,8.3,7.55,8.27,277,557.0,,2.6,0.32,1.19,26,40.0,130,210.0,BDL,BDL,Good,19.56742312751838,30.72671007455834,77.51434514136517
4028,"RIVER GIRI D/S KALGIDHAR TRUST, BARU SAHIB",2022,RIVER,HIMACHAL PRADESH,20.0,27.0,7.4,8.2,7.79,8.25,275,687.0,,2.6,0.32,1.23,26,39.0,130,280.0,BDL,BDL,Good,24.227391566239888,31.24117400814272,77.50838674850688
4427,RIVER GIRI U/S CHAILLA,2022,RIVER,HIMACHAL PRADESH,7.0,23.0,7.0,8.6,7.23,8.18,61,1553.0,,2.6,0.37,2.36,4,17.0,6.8,1600.0,BDL,BDL,Good,25.68454791971592,31.038643841893702,77.08930049033884
2621,RIVER GIRI AT D/S YASHWANT NAGAR AFTER CONF. WITH ASHWANI KHAD AT YASHWANT NAGAR- NEAR SHANI MANDIR,2022,RIVER,HIMACHAL PRADESH,8.0,16.0,6.9,8.6,7.54,8.3,181,646.0,,2.6,1.01,12.12,2,1600.0,26,1600.0,BDL,BDL,Poor,22.344083429614113,31.1517518627566,77.54401002275257
3876,RIVER GIRI AFTER CONFLUENCE OF ASHWANI RIVER AT VILLAGE MARYOG,2022,RIVER,HIMACHAL PRADESH,7.0,18.0,7.5,8.9,7.54,8.48,164,750.0,,2.6,0.89,7.49,2,79.0,21,1600.0,BDL,BDL,Good,25.135836592073932,30.81710955087619,76.91256453334437
2622,RIVER GIRI AT U/S CCI MINES AT VILLAGE NADI,2022,RIVER,HIMACHAL PRADESH,20.0,27.0,6.9,8.2,7.77,8.32,310,1079.0,,2.6,0.32,0.85,13,33.0,40,170.0,BDL,BDL,Good,25.318871080891476,30.863281191267905,76.8744636155517
2623,RIVER GIRI D/S SATAUN,2022,RIVER,HIMACHAL PRADESH,19.0,27.0,7.4,8.1,7.64,8.29,334,1065.0,,2.6,0.32,1.0,14,39.0,40,220.0,BDL,BDL,Good,25.30785705929466,31.34539565494043,76.88146332643738
3877,RIVER GIRI U/S LWSS AT SAINJ,2022,RIVER,HIMACHAL PRADESH,8.0,24.0,6.8,8.5,7.38,8.13,49,1612.0,,2.6,0.37,2.82,4,39.0,14,1600.0,BDL,BDL,Good,25.729103505697154,31.47940926057552,77.17792973254151
3878,RIVER GIRI D/S LWSS AT SAINJ,2022,RIVER,HIMACHAL PRADESH,8.0,23.0,6.9,8.5,7.37,8.17,59,1602.0,,2.6,0.32,5.57,9,27.0,17,1600.0,BDL,BDL,Good,25.7215663774659,30.955539342527395,76.79061984421936
3860,"RIVER GIRI D/S CEMENT CORPORATION OF INDIA, RAJBAN AT BANGRAN BRIDGE",2022,RIVER,HIMACHAL PRADESH,19.0,26.0,7.4,8.0,7.6,8.16,359,918.0,,2.6,0.32,0.91,17,33.0,46,170.0,BDL,,Good,25.191451320143212,31.258658092535452,77.53177616897415
1614,"RIVER BETWA NEAR WATER SUPPLY INTAKE WELL , VIDISHA(M.P)",2022,RIVER,MADHYA PRADESH,17.0,32.0,4.7,12.4,6.96,8.25,149,710.0,1.4,5.0,2.88,10.44,3,70.0,120,350.0,BDL,BDL,Poor,40.13666264925906,23.274511321836833,78.91859237693657
2107,"RIVER BETWA AT U/S AT MAHUTA GHAT, AGASOD, BINA",2022,RIVER,MADHYA PRADESH,21.0,31.0,6.0,7.5,7.32,8.22,215,551.0,1.1,1.8,0.33,2.25,2,5.6,27,79.0,BDL,BDL,Good,21.870139355302808,23.28908533080308,78.2689151845937
2108,"RIVER BETWA AT M/S J.P. THERMAL POWER, BINA",2022,RIVER,MADHYA PRADESH,21.0,31.0,6.1,7.8,7.36,8.32,216,566.0,1.1,1.9,0.34,2.11,2,2.0,26,63.0,BDL,BDL,Good,21.969955209847022,22.641435369095824,78.39785700446004
2124,"RIVER BETWA AT CHARANTIRGHAT, VIDISHA",2022,RIVER,MADHYA PRADESH,5.0,32.0,5.0,13.6,7.32,8.86,164,1056.0,1.2,20.4,5.2,14.59,3,280.0,120,1600.0,BDL,BDL,Poor,40.979822860946335,22.604643826586308,78.52255085949346
2125,RIVER BETWA D/S AFTER MIXING OF RIVER BAIS AT VIDISHA,2022,RIVER,MADHYA PRADESH,18.0,32.0,5.5,13.3,7.08,8.27,154,1094.0,1.5,16.8,3.02,16.28,6,170.0,150,1600.0,BDL,BDL,Poor,40.788414536259445,22.709264335651657,78.36169747584873
3832,RIVER BETWA AT U/S NEAR ROAD BRIDGE ORCHHA,2022,RIVER,MADHYA PRADESH,22.0,30.0,6.6,7.5,7.28,8.38,199,532.0,1.1,2.1,0.32,0.53,BDL,170.0,22,84.0,BDL,BDL,Good,20.557060018048467,23.275914002743534,78.90449255370126
30080,"RIVER BETWA AT KANJIA ROAD BRIDGE, KANJIA DIST.ASHOK NAGAR (M.P.)",2022,RIVER,MADHYA PRADESH,21.4,32.6,7.9,10.2,7.83,8.14,285,499.0,1.6,3.3,0.32,1.9,2000,22000.0,4500,790000.0,BDL,BDL,Poor,40.03999209621585,22.65207746706644,78.53268932214662
2953,"RIVER KALI SINDH AT ANICUT OF M/S CFCL GADEPAN, KOTA, RAJASTHAN",2022,RIVER,RAJASTHAN,21.0,34.0,3.7,5.6,7.98,8.46,390,808.0,1.2,2.2,0.83,2.62,33,84.0,75,220.0,23,38,Poor,25.05641219675682,26.960686100004043,74.5699859858667
2956,"RIVER KALI SINDH AT BAROD ROAD BRIDGE, KOTA, RAJASTHAN",2022,RIVER,RAJASTHAN,22.0,34.0,3.7,5.1,8.15,8.56,485,1445.0,1.2,2.1,1.71,2.97,23,84.0,64,210.0,14,25,Poor,25.30261776602251,27.390111624120404,74.28351134395767
2951,"RIVER BANAS BISULPUR DAM, TONK, RAJASTHAN",2022,RIVER,RAJASTHAN,17.0,32.0,3.7,6.2,8.1,8.55,525,819.0,1.1,2.1,0.84,3.43,49,110.0,110,280.0,17,32,Poor,25.05568377296879,27.050332227978416,74.52096558752947
2952,"RIVER NEAR NEWTA DAM,JAIPUR,RAJSTHAN",2022,RIVER,RAJASTHAN,18.0,31.0,1.6,2.9,7.97,8.82,1918,3040.0,3.3,5.4,2.58,6.56,130,240.0,430,540.0,,,Poor,40.191174568176194,27.17730169116038,74.49368755631377
2955,"RIVER CHAMBAL ENTERING IN RAJASTHAN AT GANDHI SAGAR DAM, RAWATBHATA,CHITTORGARH",2022,RIVER,RAJASTHAN,17.0,31.0,5.0,6.6,7.1,8.38,330,682.0,1.1,3.6,1.21,3.42,90,140.0,210,280.0,21,29,Poor,40.0570985175452,26.87621250480485,74.54221385496692
3309,"RIVER CHAMBAL AT TAL VILLAGE NEAR BRIDGE, UJJAIN",2022,RIVER,MADHYA PRADESH,22.0,30.0,6.4,7.7,7.26,8.05,192,2057.0,2,6.0,0.66,2.62,6,920.0,48,1600.0,2,2,Poor,40.193221880738086,23.12260074214527,78.62480421265344
4349,"SEA WATER, BAY OF BENGAL, AFTER CONFLUENCE OF MARINE OUTFALL OF M/S.AUROBINDO PHARMA LTD. PYDIBHEEMAVARAM (V), RANASTHALAM (M)",2022,MARINE,ANDHRA PRADESH,21.0,30.0,5.2,7.2,7.4,8.4,13800,57300.0,1.2,2.5,0.32,1.38,3,7.0,48,120.0,-,-,Good,43.29695634082432,16.1806005375179,79.7770774528163
4352,"SEA WAER BAY OF BENGAL, AFTER CONFLUENCE OF MARINE OUTFALL OF M/S MATRIX LABORATORIES LTD THAMMAYYAPALEM (V) PUSAPATIREGA (M)",2022,MARINE,ANDHRA PRADESH,25.0,28.0,5.2,6.6,7.7,8.5,32200,56400.0,1.4,2.8,0.32,0.88,3,11.0,39,210.0,-,-,Good,43.282385383033045,15.527530621875353,79.97888287292163
4357,"RUSHIKONDA BEACH,VISAKHAPATNAM",2022,BEACH,ANDHRA PRADESH,25.0,29.0,4.8,7.0,7.7,8.5,31700,55700.0,1.2,2.9,0.32,1.13,3,14.0,39,150.0,-,-,Poor,43.269519838906376,16.113015451955974,79.56857508138731
4361,"SEA WATER BAY BENGAL, UPPADA BEACH ROAD, KAKINADA",2022,BEACH,ANDHRA PRADESH,25.0,28.0,4.5,7.9,7.8,8.5,4800,51400.0,2.2,2.8,0.42,1.32,3,20.0,48,150.0,-,-,Poor,43.16348212275193,16.303988871125195,79.73220281809594
4362,"SEA WATER, BAY OF BENGAL NEAR DEEP WATER PORT, KAKINADA (1KM AWAY FROM JETTY)",2022,SEA,ANDHRA PRADESH,25.0,27.0,5.3,8.0,7.4,8.4,861,50300.0,2.2,3.9,0.82,3.32,4,23.0,75,460.0,-,-,Poor,43.12951817077165,16.111432523503872,79.8192882461167
4363,"SEA WATER BAY OF BENGAL NEAR KUMBHABHISHEKAM TEMPALE, KAKINADA",2022,SEA,ANDHRA PRADESH,24.0,26.0,5.7,7.5,7.1,8.2,481,47000.0,2.2,2.8,0.9,4.27,3,21.0,64,460.0,-,-,Good,43.012816567998776,15.737255193651524,79.35242662044067
4371,"SEA WATER, BAY OF BENGAL AFTER CONFLUENCE OF RIVER VASHISTA GODAVARI AT CHINNAMAINAVARILANKA (V), NARSAPUR (M)",2022,MARINE,ANDHRA PRADESH,22.0,30.0,5.1,8.0,7.8,8.4,7300,51500.0,1.3,2.0,0.38,1.15,3,14.0,49,120.0,-,-,Good,43.16643969131352,16.144323462761193,79.81478512655731
4378,"SEA WATER, BAY OF BENGAL, MANGINAPUDI BEACH, MACHILIPATNAM (V & M)",2022,BEACH,ANDHRA PRADESH,25.0,27.0,5.5,6.8,7.5,8.0,38200,58500.0,2.4,2.8,0.83,1.82,3,11.0,75,252.0,2,4,Good,43.312787031831974,15.595480805262113,79.68694107919156
4383,"SEA WATER BAY OF BENGAL, FISHING HARBOUR, NIZAMPATNAM (V & M)",2022,MARINE,ANDHRA PRADESH,22.0,24.0,4.6,6.7,7.3,8.0,26000,56200.0,2.3,2.9,0.74,1.93,3,13.0,64,272.0,2,5,Poor,43.278844107945936,15.871214820940725,79.98588842310787
4385,"SEA WATER, BAY OF BENGAL, KOTHAPATNAM BEACH",2022,BEACH,ANDHRA PRADESH,22.0,26.0,5.1,6.6,7.5,8.3,33120,57680.0,2.3,2.8,0.72,1.81,3,18.0,64,354.0,2,6,Good,43.30242286992681,16.239776402474476,79.59219584247629
4386,"SEA WATER, BAY OF BENGAL, VODAREVU BEACH, CHIRALA",2022,BEACH,ANDHRA PRADESH,22.0,25.0,5.4,6.7,7.6,8.1,32900,56900.0,2.6,2.9,0.72,1.66,3,10.0,75,210.0,2,5,Good,43.29075897847475,15.747791318698944,80.05431096682011
4387,"SEA WATER, BAY OF BENGAL, KRISHNAPATNAM PORT",2022,MARINE,ANDHRA PRADESH,19.0,21.0,5.6,6.7,7.2,8.0,31200,52900.0,2.4,2.9,0.42,1.53,3,11.0,64,243.0,2,4,Good,43.205485504023045,15.74312027086908,79.80228577222762
4013,TIRACOL BEACH,2022,BEACH,GOA,28.0,30.0,5.9,7.5,7.2,8.3,30500,52560.0,1,2.3,0.32,2.27,13,350.0,23,540.0,5,170,Good,43.1964146358162,15.003322857694624,73.87120816130196
4014,MIRAMAR BEACH,2022,BEACH,GOA,28.0,32.0,5.9,7.6,7.7,8.5,8856,55850.0,1,2.0,0.32,0.38,79,350.0,110,540.0,23,94,Good,43.272387205794445,14.914793566296238,74.3543433870604
4015,CALANGUTE BEACH,2022,BEACH,GOA,27.0,30.0,5.7,7.5,7.4,8.4,29950,53320.0,1,1.9,0.32,0.42,49,350.0,79,540.0,4,94,Good,43.21631659056317,15.442368426351914,74.21362494163594
4016,MORJIM BEACH,2022,BEACH,GOA,28.0,30.0,5.5,7.3,7.3,8.7,15820,56510.0,1,2.1,0.32,0.32,13,220.0,23,280.0,8,110,Poor,43.284286631101246,15.068602492800048,73.767127417659
3051,"BUDAMERU CANAL NEAR BDG AT NH-5, KEESARAPALLI (V), GANNAVARAM (M)",2023,CANAL,ANDHRA PRADESH,24.0,25.0,1.6,3.1,6.7,8.0,810,1100.0,9,23.0,2.7,7.9,120,260.0,1100,4900.0,11,11,Poor,41.115649565454525,15.725337327497781,79.6761549440009
4356,"ELERU CANAL, NEAR PHARMA CITY,THADI (V),PARAVADA (M)",2023,CANAL,ANDHRA PRADESH,25.0,30.0,4.5,6.5,7.3,8.3,275,75.0,1.1,2.8,0.3,0.9,3,21.0,75,460.0,2,2,Poor,11.094205240507456,15.906158527424271,79.88325506925234
4370,"KRISHNA CANAL AT HANUMAN NAGAR, NEAR SAIBABA TEMPLE, ELURU",2023,CANAL,ANDHRA PRADESH,22.0,28.0,4.2,8.4,7.5,8.0,132,120.0,1.2,2.8,0.3,2.9,7,21.0,120,460.0,,,Poor,11.094205240507456,15.555590036093665,80.07488142238202
2354,"SAMARLA KOTA CANAL,SAMARLA KOTA (V & M)",2023,CANAL,ANDHRA PRADESH,25.0,27.0,3.4,7.0,6.3,8.4,241,64.0,2.4,5.2,0.3,2.9,7,28.0,64,1100.0,4,4,Poor,40.14799281696639,15.97219408439361,79.34032161991308
4374,"GOSTTA NADI- VELPURU CANAL AT HANUMAN TEMPLE, DOWNSTREAM OF TANUKU TOWN, TANUKU",2023,CANAL,ANDHRA PRADESH,22.0,30.0,3.4,8.1,7.2,8.4,130,120.0,1.6,4.2,0.3,8.6,4,11.0,120,240.0,,,Poor,40.09125132340843,15.630282859924648,80.12140731922484
2057,"AGRA CANAL, MADANPUR KHADAR, DELHI",2023,CANAL,DELHI,21.0,29.0,0.3,1.5,6.9,7.7,,680.0,32,46.0,,1.8,110000,340000.0,,910.0,,,Poor,42.20948606046251,28.77554442952263,77.00376425179662
1479,"WESTERN YAMUNA CANAL AT HAIDERPUR WATER WORKS, DELHI",2023,CANAL,DELHI,21.0,29.0,5.3,7.8,7.1,7.8,,680.0,,2.6,0.3,0.6,,170.0,,910.0,,,Good,23.877010044654437,28.863906688016744,77.48152683068666
2265,"CANAL UP STREAM OF CUNCOLIM INDL.EST. CUNCOLIM, SALCETE (1 KM FROM M/S NICOMENT INDUSTRIES)",2023,CANAL,GOA,27.0,31.0,5.0,7.4,5.7,7.3,33,1400.0,1,1.7,0.3,0.8,1100,2200.0,1400,9200.0,140,140,Poor,25.231325689134707,14.981167543062261,74.20777288077923
2266,"CANAL DOWNSTREAM OF CUNCOLIM INDL.EST. CUNCOLIM, SALCETE (NEAR RAILWAY BRIDGE)",2023,CANAL,GOA,26.0,31.0,4.4,8.2,5.9,7.4,32,400.0,1,2.0,0.3,1.6,200,2700.0,400,7900.0,78,78,Poor,18.65586310556607,15.230544790255655,74.38707664638454
2268,CUMBARJUA CANAL CORLIM(DISCHARGE POINT OF SYNGENTA LIMITED),2023,CANAL,GOA,26.0,30.0,4.2,7.5,6.7,7.8,335,920.0,1.1,1.9,0.3,0.6,140,2700.0,920,3500.0,79,79,Poor,25.078822786592845,15.454820126182197,74.18376920376647
2073,"NARMADA MAIN CANAL, NR. VILLAGE. LIMBADIA, DIST. GANDHINAGAR,NARMADA CANAL AT LIMBADIYA",2023,CANAL,GUJARAT,27.0,33.0,4.8,7.6,7.4,8.3,212,4.0,1,1.3,0.3,1.3,2,2.0,4,21.0,,,Poor,6.864035087719299,22.190043415621524,71.29486095864588
5521,"NEAR AZARA RAILWAY STATION, GANAKPARA CHAKARDOI",2023,LAKE,ASSAM,23.0,34.0,5.1,9.6,6.6,8.0,236,302.0,3.5,5.8,1.3,2.1,2,1500.0,360,3500.0,2,490,Poor,40.1819284199147,25.84056276715687,92.76606102535656
5522,AT THE CENTER OF DEEPORBEEL,2023,LAKE,ASSAM,23.0,32.0,5.6,10.4,7.0,9.2,238,316.0,5,6.0,1.2,2.4,300,730.0,2,1600.0,2,240,Poor,40.193221880738086,26.22931712473241,93.00706667252487
3821,"DIPLAI BEEL AT SILGARA, KOKRAJHAR",2023,LAKE,ASSAM,21.0,34.0,5.2,5.6,7.0,7.6,118,136.0,1.9,2.5,0.8,2.0,300,360.0,720,1400.0,95,150,Good,9.505183746762517,26.331635716175832,93.13761741096214
5619,DOLOO LAKE AT CACHAR,2023,LAKE,ASSAM,23.0,27.0,5.1,5.5,6.8,7.4,132,142.0,2.3,5.5,0.7,1.1,300,620.0,730,1500.0,95,290,Poor,40.164970942164324,26.21251128964665,93.22425106914324
1263,"ELANGABEEL SYSTEM (CONNECTED TO R. KOLONG), ASSAM",2023,LAKE,ASSAM,16.0,34.0,4.3,5.5,7.0,7.5,236,280.0,2.3,2.8,1,2.2,300,730.0,720,2000.0,95,240,Poor,20.041186451835888,26.55627580479265,93.14166575077415
5623,"HAFLONG LAKE, HAFLONG TOWN",2023,LAKE,ASSAM,17.0,24.0,5.1,5.8,6.8,7.2,129,192.0,2.2,2.6,0.8,1.0,300,360.0,620,1500.0,95,150,Good,9.866101397408151,26.269844032401597,93.09604579875784
3787,"HOLLUNGA BEEL NEAR GAI NADI/ RIVER AT SOMARAJAN, DHEMA JI",2023,LAKE,ASSAM,22.0,24.0,4.5,7.8,6.9,7.3,96,148.0,2,2.6,0.6,2.0,300,620.0,600,1300.0,95,210,Poor,9.866101397408151,26.52332153223031,93.22918354404368
5617,"JUGIBEEL , GOLAGHAT",2023,LAKE,ASSAM,21.0,34.0,5.0,8.0,6.8,7.7,92,106.0,2,2.6,0.6,0.9,300,360.0,620,1500.0,95,150,Good,9.866101397408151,25.910579763316992,92.7957447974694
4337,"KAMALABARI LAKE INSIDE KAMALABARI CHILDREN'S PARK, GELEKY",2023,LAKE,ASSAM,19.0,32.0,5.1,7.4,6.6,7.5,78,106.0,1.9,2.5,0.6,1.4,720,360.0,600,910.0,110,140,Good,9.505183746762517,25.91202107780061,93.07423103263007
3812,"KAMALPUR BEEL, KAMALPUR",2023,LAKE,ASSAM,20.0,37.0,0.3,6.2,7.1,7.7,1007,1062.0,21,26.2,2,3.6,360,2100.0,1500,3600.0,210,490,Poor,41.27987036835245,26.44651303096762,92.89829914913068
5621,"LAUKHOWABEEL,DHUBRI",2023,LAKE,ASSAM,22.0,35.0,5.0,5.6,7.0,7.5,122,162.0,2.1,2.6,0.6,1.1,620,720.0,720,2000.0,95,210,Poor,9.866101397408151,26.11874146958843,92.84328220162521
3783,"MAGURI BEEL, GUIJAN, TINSUKIA",2023,LAKE,ASSAM,23.0,27.0,5.1,9.7,6.6,7.2,110,168.0,1.9,2.7,0.5,1.8,360,620.0,730,1500.0,95,210,Poor,10.342614984752961,25.932883357693548,92.86624907993775
5622,"MAGURI BEEL NEAR BRIDGE,TINSUKIA",2023,LAKE,ASSAM,22.0,26.0,5.0,9.5,6.7,8.0,120,162.0,1.8,2.7,0.6,1.2,300,360.0,610,1400.0,93,160,Good,10.342614984752961,26.542606864316827,92.85878366677564
3800,MALINI BEEL NEAR INDUTRIAL AREA AT RAMNAGAR,2023,LAKE,ASSAM,22.0,24.0,4.0,5.5,6.5,7.3,132,172.0,2.1,2.7,0.8,1.7,300,600.0,910,1400.0,95,210,Poor,10.342614984752961,26.078812687796407,92.79150715676663
2205,"MER BEEL AT MADHABPUR, ASSAM",2023,LAKE,ASSAM,22.0,23.0,5.0,7.1,6.8,7.3,120,154.0,2,2.4,0.6,1.8,730,620.0,720,1500.0,95,210,Poor,9.204681081403782,26.401249682508926,93.03513549433625
5620,"PANIDIHING BIRD SANCTUARY ,SIVASAGAR",2023,LAKE,ASSAM,21.0,39.0,5.1,6.1,6.8,7.4,92,112.0,2,2.4,0.7,1.2,300,910.0,1100,2100.0,180,340,Poor,9.204681081403782,26.381398388280363,92.88179781665701
3808,PARASHALI BEEL AT DEMORIA,2023,LAKE,ASSAM,21.0,34.0,5.0,7.2,7.0,7.5,102,138.0,2,2.7,0.7,2.6,300,610.0,600,1400.0,95,210,Poor,10.342614984752961,26.507244872964648,93.31664166234181
3798,SAMAGURI BEEL IN NAGAON DISTRICT,2023,LAKE,ASSAM,16.0,34.0,4.9,5.9,6.8,7.3,90,120.0,2,2.5,0.6,1.7,300,620.0,910,1400.0,95,210,Poor,9.505183746762517,26.299537765644487,93.07984071314745
2215,"SARAN BEEL, ASSAM",2023,LAKE,ASSAM,18.0,36.0,5.3,9.3,6.8,8.0,84,128.0,1.8,2.5,0.4,1.6,300,360.0,620,1100.0,93,150,Good,9.505183746762517,26.40135394722187,92.69645591074169
3814,"SILSAKO BEEL, CHACHAL, GUWAHATI",2023,LAKE,ASSAM,18.0,30.0,0.3,4.6,7.0,7.5,370,446.0,10.6,19.2,0.7,2.0,1500,2800.0,2700,3600.0,460,490,Poor,40.91644077488834,26.079718673582274,92.87896080747844
3804,SON BEEL WATER AT KARIMGANJ,2023,LAKE,ASSAM,20.0,24.0,4.5,6.9,6.8,7.3,112,136.0,2,2.8,0.7,1.2,300,620.0,910,1200.0,95,210,Poor,11.094205240507456,26.01654231341202,92.81227699181954
3819,"SORU SOLA BEEL, PALTAN BAZAR, GUWAHATI",2023,LAKE,ASSAM,19.0,30.0,0.3,1.1,7.0,7.5,370,440.0,14.6,25.8,0.7,5.6,2800,3600.0,4200,5300.0,460,490,Poor,41.259527159070096,26.517308974556855,93.17571104316686
2225,"BASKANDI POND INSIDE THE BASKANDI MADRASA, BASKANDI, ASSAM",2023,POND,ASSAM,19.0,23.0,4.1,5.6,6.8,7.3,90,126.0,2,2.9,0.7,1.1,620,620.0,910,1300.0,95,210,Poor,12.84898267331907,26.143072951897036,93.24159863085075
2214,"BATODRAWA SATRA POND, NAGAON, ASSAM",2023,POND,ASSAM,18.0,32.0,5.0,7.6,6.7,7.8,81,112.0,1.8,2.7,0.8,1.9,300,360.0,730,1200.0,95,240,Good,10.342614984752961,26.57247203771871,93.2606735646611
2219,"BISHNU PUSKAR PUKHURI OF HAYAGRIB MADHAB TEMPLE, HAJO, ASSAM",2023,POND,ASSAM,22.0,34.0,6.1,10.9,6.8,7.8,174,262.0,2,2.6,0.5,1.8,300,730.0,720,2000.0,93,210,Poor,17.43114793742084,26.33135319825476,93.06777584990022
2208,"BORPUKHURI, NAZIRA, ASSAM",2023,POND,ASSAM,20.0,34.0,5.2,7.9,6.8,7.5,92,114.0,1.9,2.8,0.7,1.2,300,360.0,700,910.0,110,140,Good,11.094205240507456,26.297956576167298,92.75376660962381
3772,BORPUKHURI AT SONARI,2023,POND,ASSAM,21.0,36.0,5.1,8.4,6.8,7.8,98,128.0,2.1,2.8,0.5,1.1,300,360.0,700,1100.0,110,140,Good,11.094205240507456,25.892396778362702,92.73949336120367
2216,"DIGHALI PUKHURI, GUWAHATI, ASSAM",2023,POND,ASSAM,20.0,36.0,5.1,10.0,7.9,8.2,168,192.0,2.3,2.8,0.6,1.6,360,730.0,1400,1600.0,120,290,Poor,11.094205240507456,26.560191406965657,93.22151835415792
2221,"GANGA PUKHURI, NALBARI (GORDON SCHOOL), ASSAM",2023,POND,ASSAM,22.0,35.0,5.4,10.1,7.0,7.9,102,130.0,2,2.6,0.5,1.7,300,360.0,600,1400.0,95,160,Good,9.866101397408151,26.160529706783954,92.959771717047
2209,"GAURISAGAR TANK, GAURISAGAR, ASSAM",2023,POND,ASSAM,22.0,35.0,5.0,7.5,6.7,7.5,97,128.0,1.6,2.7,0.7,1.5,360,910.0,730,1500.0,110,340,Poor,10.342614984752961,26.263311691509706,93.17932886720368
2212,"GOPHUR TANK, GOPHUR, ASSAM",2023,POND,ASSAM,21.0,30.0,6.8,7.3,6.8,7.6,138,192.0,2,2.7,0.6,1.7,300,620.0,910,1200.0,95,210,Poor,10.342614984752961,26.127109442209026,92.99559081375328
2227,"HARDOI PUKHURI, CHARAIDEW, ASSAM",2023,POND,ASSAM,21.0,35.0,5.7,8.1,6.7,7.5,88,112.0,2,2.8,0.6,1.1,300,730.0,600,1500.0,110,280,Poor,11.094205240507456,25.990221584194423,93.12411402023001
2213,"JAIPAL PUKHURI, SIPAJHAR, ASSAM",2023,POND,ASSAM,20.0,34.0,7.0,7.3,6.8,7.5,136,178.0,2,2.5,0.9,1.7,300,920.0,730,1600.0,95,290,Poor,9.505183746762517,26.523303616449805,92.95280930197124
1532,"JAYSAGAR TANK, SIVASAGAR, ASSAM",2023,POND,ASSAM,20.0,32.0,5.1,7.6,6.9,7.6,102,122.0,1.8,2.6,0.6,1.0,300,360.0,600,910.0,110,140,Good,9.866101397408151,26.25954358933783,93.15430712840151
3809,JORPUKHURI AT UZANBAZAR (UGRATALA TEMPLE),2023,POND,ASSAM,20.0,31.0,5.0,7.7,6.9,7.8,322,364.0,2.1,2.8,0.7,5.0,300,940.0,1400,2000.0,95,290,Poor,20.041186451835888,25.80289626162493,92.99268639256377
2223,"MAHAMAYA MANDIR PUKHURI, ASSAM",2023,POND,ASSAM,22.0,35.0,5.0,5.4,6.9,7.6,94,126.0,1.8,2.5,0.7,1.7,300,620.0,720,1600.0,95,210,Poor,9.505183746762517,26.29431593089658,92.91016790287358
4006,NETAI PUKHURI AT NETAI PUKHURI,2023,POND,ASSAM,22.0,35.0,5.6,7.6,6.7,7.4,90,120.0,2.1,2.6,0.6,1.1,300,360.0,720,730.0,100,140,Good,9.866101397408151,26.06191592141768,92.81175112636262
2211,"PADUMPUKHURI, TEZPUR, ASSAM",2023,POND,ASSAM,20.0,34.0,6.8,7.2,6.9,7.6,186,240.0,2.2,2.7,0.6,1.6,300,730.0,600,1500.0,95,240,Poor,16.774118810613388,26.22224648180609,92.59216747873337
2222,"RAJADINIA PUKHURI AT ABHAYAPURI, ASSAM",2023,POND,ASSAM,23.0,38.0,5.1,5.4,6.9,7.5,132,156.0,2,2.5,0.7,2.0,300,620.0,910,1300.0,93,210,Poor,9.505183746762517,26.509353679448623,92.83993934346249
2224,"RAJAPUKHURI AT GAURIPUR, ASSAM",2023,POND,ASSAM,22.0,35.0,5.0,5.5,6.9,7.4,110,150.0,2,2.6,0.7,1.8,300,620.0,730,1400.0,95,240,Poor,9.866101397408151,26.086415808002002,92.60130086215861
2210,"RAJMAW PUKHURI, JORHAT, ASSAM",2023,POND,ASSAM,23.0,36.0,5.3,7.9,6.9,7.9,90,130.0,2,2.7,0.6,1.4,300,730.0,720,1100.0,110,270,Poor,10.342614984752961,26.52742812073584,93.32385369098436
3806,POND WATER FROM RAMKRISHNA MISSION AT HAILAKANDI,2023,POND,ASSAM,22.0,24.0,5.1,6.2,6.5,7.2,120,156.0,2.3,2.9,0.7,1.1,300,620.0,910,1400.0,95,210,Poor,12.84898267331907,26.299288092633443,92.68289028106462
2226,"SIVASAGAR TANK (BORPUKHURI) NEAR SIVADOL, ASSAM",2023,POND,ASSAM,21.0,34.0,5.2,7.9,6.8,7.6,70,120.0,2,2.8,0.6,1.3,300,360.0,730,1100.0,100,1100,Good,11.094205240507456,25.813256994277246,93.18708695817644
2217,"SUBHAGYA KUNDA POND KAMAKHYA TEMPLE, GUWAHATI, ASSAM",2023,POND,ASSAM,20.0,32.0,5.0,8.5,6.8,7.6,240,278.0,2.2,2.8,0.6,1.8,300,910.0,1100,2000.0,95,290,Poor,20.041186451835888,26.54414978699501,93.23756931596472
3775,TENGA PUKHURI AT TENGAPUKHURI,2023,POND,ASSAM,21.0,35.0,5.2,8.1,6.6,7.7,96,112.0,1.9,2.5,0.7,1.0,300,730.0,730,1500.0,110,280,Poor,9.505183746762517,26.35331753401354,93.08833060190875
4334,"THOWRADOLE PUKHURI, THOWRADOLE G.P. DEMOW BLOCK",2023,POND,ASSAM,22.0,36.0,5.0,7.8,6.6,7.4,80,108.0,2,2.6,0.7,1.2,300,360.0,620,910.0,110,140,Good,9.866101397408151,26.598458280361186,92.9931955301963
4349,"SEA WATER , BAY OF BENGAL, AFTER CONFLUENCE OF MARINE OUTFALL OF M/S. AUROBINDO PHARMA LTD. PYDIBHEEMAVARAM (V) RANASTHALAM (M)",2021,MARINE,ANDHRA PRADESH,21.0,34.0,5.0,8.0,7.2,8.1,25900,53500.0,1.6,2.4,0.4,1.7,4,7.0,64,95.0,,,Good,43.22083020426707,15.650772406676264,79.46877714945248
4352,"SEA WAER BAY OF BENGAL, AFTER CONFLUENCE OF MARINE OUTFALL OF M/S MATRIX LABORATORIES LTD.THAMMAVAYAPALEM (V) PUSAPATIREGA (M)",2021,MARINE,ANDHRA PRADESH,25.0,32.0,5.3,8.5,7.4,8.1,34700,53500.0,1.6,2.5,0.3,1.8,4,7.0,64,95.0,,,Good,43.22083020426707,15.622608599703103,79.71350401821064
4357,RUSHIKONDA BEACH,2021,BEACH,ANDHRA PRADESH,26.0,29.0,5.0,8.2,7.1,8.5,36800,53500.0,1.5,2.2,0.3,1.3,4,9.0,64,120.0,,,Good,43.22083020426707,16.258976370429732,79.61613764092417
4361,"SEA WATER BAY BENGAL, UPPADA BEACH ROAD, KAKINADA",2021,BEACH,ANDHRA PRADESH,24.0,29.0,3.2,7.0,7.0,7.9,30600,53100.0,BDL,2.8,0.3,3.0,3,7.0,49,93.0,,,Poor,43.21069512901056,16.07035452919192,79.52003196625127
4362,"SEA WATER, BAY OF BENGAL NEAR DEEP WATER PORT, KAKINADA (1KM AWAY FROM JETTY)",2021,SEA,ANDHRA PRADESH,23.0,29.0,3.8,7.2,7.0,8.0,1120,50800.0,1.9,3.0,0.3,3.7,4,15.0,64,120.0,,,Poor,43.14527835075779,15.56570013817765,79.81400949501263
4363,"SEA WATER BAY OF BENGAL NEAR KUMBHABHISHEKAM TEMPALE, KAKINADA",2021,SEA,ANDHRA PRADESH,23.0,30.0,2.0,6.6,7.0,8.0,1020,46900.0,2.2,5.8,0.3,3.5,4,9.0,75,120.0,,,Poor,43.00895379154316,16.117270442081974,79.58981587016153
4371,"SEA WATER, BAY OF BENGAL AFTER CONFLUENCE OF RIVER VASHISTA GODAVARI AT CHINNAMAINAVANILANKA (V), NARSAPUR (M)",2021,MARINE,ANDHRA PRADESH,24.0,30.0,4.5,7.8,7.0,8.2,5030,51500.0,1.5,3.5,0.4,2.2,4,7.0,64,120.0,,,Poor,43.16643969131352,16.116000950769,80.07304444277467
4378,"SEA WATER, BAY OF BENGAL, MANGINAPUDI BEACH, MACHILIPATNAM",2021,BEACH,ANDHRA PRADESH,25.0,30.0,3.4,5.3,7.0,7.8,35800,56900.0,2,2.8,0.8,1.3,3,3.0,43,120.0,,,Poor,43.29075897847475,16.251319628437187,80.06770841996124
4383,"SEA WATER BAY OF BENGAL, FISHING HARBOUR, NIZAMPATNAM",2021,MARINE,ANDHRA PRADESH,21.0,25.0,3.6,5.3,7.1,8.0,32900,55700.0,2,2.8,0.9,2.3,3,3.0,43,120.0,,,Poor,43.269519838906376,16.082119806902778,79.54569463502575
4385,"SEA WATER, BAY OF BENGAL, KOTHAPATNAM BEACH",2021,BEACH,ANDHRA PRADESH,22.0,25.0,3.6,5.9,7.1,8.0,34900,56200.0,2.2,2.8,0.8,1.4,3,3.0,23,93.0,,,Poor,43.278844107945936,15.612316769577733,79.42871304059521
4386,"SEA WATER, BAY OF BENGAL, VADAREVU BEACH, CHIRALA",2021,BEACH,ANDHRA PRADESH,22.0,25.0,3.5,5.7,6.8,8.0,35600,56400.0,2.4,2.8,0.8,1.6,3,3.0,23,120.0,,,Poor,43.282385383033045,15.528804107071837,79.49437018561528
4387,"SEA WATER, BAY OF BENGAL, KRISHNAPATNAM PORT",2021,MARINE,ANDHRA PRADESH,18.0,23.0,3.7,5.6,7.1,8.0,34900,55700.0,2.4,2.8,1,1.3,3,3.0,23,120.0,,,Poor,43.269519838906376,15.533868789502176,79.7396673365431
2267,"CREEK AT DANDO MOLLO, VELSAO, MAMUGAO",2021,CREEK,GOA,25.0,32.0,4.2,8.0,6.6,7.7,311,51530.0,BDL,2.4,0.3,3.8,230,2300.0,1100,4900.0,,,Poor,43.167322662396764,14.921945190416636,74.30686853437967
4013,TIRACOL BEACH,2021,BEACH,GOA,27.0,31.0,6.4,7.7,7.6,8.2,26000,61900.0,BDL,1.9,0.3,0.5,13,240.0,49,920.0,,,Good,43.33331563237488,15.096268854082437,73.89055555072703
4014,MIRAMAR BEACH,2021,BEACH,GOA,27.0,29.0,6.0,7.5,7.0,8.0,18900,57680.0,BDL,2.0,0.3,0.8,23,240.0,33,350.0,,,Good,43.30242286992681,15.587322358946311,73.92242684670178
4015,CALANGUTE BEACH,2021,BEACH,GOA,27.0,30.0,6.1,7.0,6.5,7.9,31300,61250.0,1.1,1.9,0.3,0.3,22,220.0,130,280.0,,,Good,43.33234808121755,15.330364851473323,74.40533749994908
4016,MORJIM BEACH,2021,BEACH,GOA,28.0,31.0,6.0,7.7,7.7,8.3,25800,58830.0,BDL,1.9,0.3,2.4,13,350.0,23,920.0,,,Good,43.316392579090206,15.341557582948614,74.05667897461402
4017,MOBOR BEACH,2021,BEACH,GOA,27.0,32.0,5.8,7.1,6.7,7.8,26000,57880.0,BDL,1.9,0.3,0.8,22,240.0,33,540.0,,,Good,43.30513277309673,15.572924713887685,74.21734805372418
2354,"SAMARLA KOTA CANAL, KAKINADA, EAST GODAVARI",2021,CANAL,ANDHRA PRADESH,22.0,29.0,2.8,6.0,6.8,8.6,220,518.0,2,3.8,0.7,2.3,11,21.0,120,210.0,,,Poor,40.06849170612366,15.612238652095929,79.5269329113914
2355,"TULJE BAGH CANAL, TEKRI DRAIN, KAKINADA, EAST GODAVARI",2021,CANAL,ANDHRA PRADESH,24.0,30.0,1.8,6.5,6.6,8.0,725,25200.0,3.8,5.2,0.8,3.9,21,28.0,210,460.0,,,Poor,41.83280329910959,15.736246943208911,79.42157380754064
3051,"BUDAMERU CANAL NR BDG AT NH-5, KESARAPALLY, KRISHNA",2021,CANAL,ANDHRA PRADESH,24.0,26.0,5.4,6.6,7.2,7.9,1070,1730.0,3.2,6.0,1.4,3.1,3,3.0,460,470.0,,,Poor,40.193221880738086,15.98150741716663,79.75268561357481
4356,ELERU CANAL NEAR PHARMA CITY,2021,CANAL,ANDHRA PRADESH,25.0,29.0,5.5,8.0,6.7,7.9,198,390.0,1.4,2.2,0.3,1.6,7,9.0,93,120.0,,,Good,18.919268927483262,16.28857659865574,79.72171278963982
4370,"KRISHNA CANAL AT HANUMAN NAGAR, NEAR SAIBABA TEMPLE, ELIRU",2021,CANAL,ANDHRA PRADESH,22.0,28.0,2.3,6.5,7.1,7.7,389,968.0,1.6,4.2,0.8,2.0,11,21.0,150,240.0,,,Poor,40.09125132340843,15.96172417540457,79.46213731527453
4374,"GOSTTA NADI- VELPURU CANAL AT HANUMAN TEMPLE, DOWNSTREAM OF TANUKU TOWN, ATTILI (M)",2021,CANAL,ANDHRA PRADESH,23.0,27.0,2.2,8.5,7.0,8.1,250,1120.0,1.3,3.8,0.8,2.3,9,154.0,120,240.0,,,Poor,40.06849170612366,15.527817831498355,79.83744498539232
2057,"AGRA CANAL, MADANPUR KHADAR, DELHI",2021,CANAL,DELHI,17.0,27.0,5.3,1.4,7.1,7.8,1015,1731.0,26,77.0,0.6,1.1,49000,14000000.0,790000,14000000.0,,,Poor,43.20493768632563,28.944606138144493,77.13770809505115
2265,"CANAL UP STREAM OF CUNCOLIM INDL.EST. CUNCOLIM, SALCETE (1 KM FROM M/S NICOMENT INDUSTRIES)",2021,CANAL,GOA,27.0,31.0,5.0,8.1,6.1,7.9,60,410.0,BDL,2.8,0.3,1.6,790,2300.0,1300,3300.0,,,Poor,20.041186451835888,15.085679419072816,74.2473098775766
2266,"CANAL DOWNSTREAM OF CUNCOLIM INDL.EST. CUNCOLIM, SALCETE (NEAR RAILWAY BRIDGE)",2021,CANAL,GOA,27.0,31.0,4.5,8.0,6.4,7.8,52,406.0,BDL,2.1,0.3,1.5,1300,3300.0,1700,4900.0,,,Poor,18.785659247713816,15.544984156495024,73.83963643209972
2268,CUMBARJUA CANAL CORLIM(DISCHARGE POINT OF SYNGENTA LIMITED),2021,CANAL,GOA,27.0,31.0,4.2,8.1,6.1,7.7,118,46570.0,1.2,2.0,0.3,0.6,780,2200.0,1300,4900.0,,,Poor,42.996077039832336,15.209588515251339,74.32522225370819
2073,"NARMADA MAIN CANAL, NR. VILLAGE. LIMBADIA, DIST. GANDHINAGAR.",2021,CANAL,GUJARAT,26.0,30.0,4.6,7.3,7.6,8.1,BDL,322.0,BDL,1.1,BDL,2.1,BDL,4.0,6,47.0,,,Poor,14.735501780385869,22.549533483647544,70.97003931183994
2074,"TAPI CANAL AT VILLAGE UMARWADA, NEAR GIDC ESTATE OF PANOLI.",2021,CANAL,GUJARAT,25.0,37.0,6.6,8.9,7.8,8.5,317,808.0,BDL,2.6,BDL,0.5,2,49.0,20,170.0,,,Good,25.135836592073932,22.456397314189747,71.20788145949284
4421,"FROM NARMADA MAIN CANAL AT INDORAHMEDABAD HIGHWAY BRIDGE NEAR VILLAGE MOTIKANTADI TAL, GODHRA, DIST PANCHMAHAL",2021,CANAL,GUJARAT,21.0,29.0,6.8,8.3,7.0,8.4,291,563.0,BDL,2.6,0.3,0.3,BDL,7.8,21,70.0,,,Good,19.56742312751838,22.303692187192336,71.42063682257731
1013,RIVER SUTLEJ AT U/S TATAPANI,2021,RIVER,HIMACHAL PRADESH,8.5,15.0,8.5,9.0,7.3,8.2,1229,3096.0,1,1.0,0.32,1.34,350,920.0,2,12.0,,,Poor,40.1956797264661,30.81396418052855,76.79126434239345
4446,RIVER SUTLEJ U/S LANDFILL SITE RAMPUR,2021,RIVER,HIMACHAL PRADESH,8.6,14.5,8.6,9.4,7.5,8.5,1149,3721.0,1,1.0,0.32,1.92,1600,350.0,2,94.0,,,Good,40.24585990449011,30.75273415160977,77.03288996778095
4447,RIVER STLUJ D/S LANDFILL SITE RAMPUR,2021,RIVER,HIMACHAL PRADESH,8.4,14.5,8.4,9.4,7.2,8.4,168,2735.0,1,1.0,0.32,1.92,1600,1600.0,2,110.0,,,Poor,40.16661173225405,30.80187476459259,77.4717379011201
4032,RIVER SUTLEJ U/S KHAIRIAN SOLID WASTE DUMPING SITE BILASPUR,2021,RIVER,HIMACHAL PRADESH,8.3,23.0,8.3,9.8,7.1,8.3,173,308.0,1,1.0,0.32,1.78,210,140.0,2,2.0,,,Good,13.873418143653426,30.74044150283581,77.44916768608165
4033,RIVER SUTLEJ D/S KHAIRIAN SOLID WASTE DUMPING SITE BILASPUR,2021,RIVER,HIMACHAL PRADESH,8.2,23.0,8.2,9.7,7.1,8.2,178,284.0,1,1.0,0.32,1.42,540,150.0,2,2.0,,,Good,12.553574198222146,30.790795303284874,77.20415247407564
4450,RIVER SUTLEJ U/S CONFLUENCE WITH GANVI KHAND,2021,RIVER,HIMACHAL PRADESH,8.9,14.0,8.9,9.5,7.4,8.3,960,3837.0,1,1.0,0.32,2.12,1600,49.0,2,2.0,,,Good,40.25515289228526,30.885367470886283,77.46668661933322
4451,RIVER SUTLEJ D/S CONFLUENCE WITH GANVI KHAND,2021,RIVER,HIMACHAL PRADESH,8.9,14.0,8.9,9.5,7.1,8.2,978,3829.0,1,1.0,0.32,2.52,1600,220.0,2,5.0,,,Good,40.254512203425364,31.27519118430614,77.5332447930829
30009,RIVER SUTLEJ AT NANGAL (H.P.),2021,RIVER,HIMACHAL PRADESH,9.0,25.0,9.0,9.6,7.1,7.7,207,293.0,2,2.0,0.32,0.72,20000,490.0,8,330.0,,,Good,14.828660689750642,31.152573585643314,77.43452559810348
1014,RIVER SUTLEJ AT U/S SLAPPER,2021,RIVER,HIMACHAL PRADESH,8.2,21.0,8.2,9.7,7.3,8.1,110,287.0,1,1.0,0.32,0.77,79,170.0,2,2.0,,,Good,12.718116520687804,30.714844784127294,77.45669235506924
1015,RIVER SUTLEJ AT D/S SLAPPER,2021,RIVER,HIMACHAL PRADESH,8.5,21.0,8.5,9.6,7.2,8.0,111,262.0,1,1.0,0.32,1.12,140,210.0,2,2.0,,,Good,11.270452653543902,30.76237942375159,76.85239472145628
1016,RIVER SUTLEJ AT D/S BHAKHRA,2021,RIVER,HIMACHAL PRADESH,8.2,26.0,8.2,9.4,7.0,7.9,185,261.0,1,1.0,0.3,5.1,2,22.0,2,2.0,,,Good,11.20925147479352,31.47862106400022,77.29444346587279
30010,RIVER SUTLEJ AT NOORPUR BEDI ROAD (PUNJAB),2021,RIVER,PUNJAB,8.9,26.0,8.9,10.2,7.1,7.7,218,299.0,2,2.0,0.32,0.72,54000,1400.0,11,540.0,,,Poor,15.099075326217813,31.201580369535954,75.50401359052212
1814,"RIVER SUTLEJ AT D/S KIRATPUR SAHIB, PUNJAB",2021,RIVER,PUNJAB,7.3,22.0,7.3,10.1,7.5,8.6,198,281.0,1,1.0,1.2,1.8,330,310.0,-,910.0,,,Poor,12.386525538143868,30.909734587728792,75.42939265011731
3052,"GUNTATHIPPA DRAIN B/C WITH RIVES CANAL AT RAMAVARAPPADU, VIJAYAWADA TOWN",2023,DRAIN,ANDHRA PRADESH,22.0,25.0,0.3,1.8,6.9,7.9,1548,2280.0,17.8,37.0,5.5,8.8,440,470.0,2300,5200.0,21,,Poor,41.80723703225609,15.714760595656259,79.97969220938882
3053,"TULIA BAGH DRAIN AT MATLAPALEM (V), VEMULAVADA (M)",2023,DRAIN,ANDHRA PRADESH,24.0,26.0,4.9,6.9,6.7,7.6,525,24500.0,2.4,3.6,0.8,3.3,3,20.0,75,460.0,4,,Poor,41.78621233490611,16.107960683260075,79.3676569758973
4861,"NEAR HUDA/ HSVP WATER WORKS, BASAI, GURUGRAM",2023,WATER TREATMENT PLANT (RAW WATER),HARYANA,22.0,30.0,7.0,7.7,7.0,7.8,1010,1210.0,1,1.0,0.3,0.3,80,160.0,1900,2900.0,2,,Good,25.142240553579104,28.815143584887455,76.30179098764398
3047,WATER WORKS- GURGAON,2023,WATER TREATMENT PLANT (RAW WATER),HARYANA,26.0,32.0,7.0,7.3,7.2,8.0,1120,1640.0,1,1.0,0.3,0.3,110,310.0,2700,5100.0,2,,Good,25.46452303294171,29.123887141818606,76.27098288059162
4464,ALHI KHAD NEAR INTAKE WSS AT VILL. NOG,2023,DRAIN,HIMACHAL PRADESH,12.0,29.0,8.2,9.3,6.9,8.2,286,470.0,1,1.0,0.3,2.6,22,84.0,130,540.0,2,,Good,20.36819443578238,31.48081599127065,76.98115871463868
3868,BARAGRAM NALLAH BEFORE CONFLUENCE TO RIVER BEAS,2023,DRAIN,HIMACHAL PRADESH,1.0,13.0,7.5,8.9,6.8,8.0,50,106.0,1,1.0,0.3,0.7,21,58.0,58,280.0,2,,Good,6.798547836712758,31.38226304119203,76.97905543905772
3881,"BHATIAN NALLAH D/S SARA TEXTILE, NALAGARH",2023,DRAIN,HIMACHAL PRADESH,12.0,28.0,3.9,6.1,7.6,8.0,678,5130.0,1,20.0,1.2,10.9,2,1600.0,26,1600.0,2,,Poor,40.958743192437744,30.896678207318068,77.27924265394411
3879,"BHATIAN NALLAH U/S BHATIAN VILLAGE, NEAR TVS INDUSTRY, NALAGARH",2023,DRAIN,HIMACHAL PRADESH,11.0,26.0,0.3,6.2,7.1,8.1,670,7530.0,1.2,90.0,0.6,7.2,7,1600.0,130,1600.0,2,,Poor,43.33333333333332,31.099815771414985,77.04963796927287
4425,RAW WATER FOR LWSS OF CHURAT NALLAH,2023,DRAIN,HIMACHAL PRADESH,8.0,15.0,7.8,9.2,7.5,8.3,102,231.0,1,1.0,0.3,4.0,7,70.0,26,1600.0,2,,Good,9.211130914459945,31.200764574705104,77.41067094240583
4463,DHANESHAR NALLAH (U/S SAINJ WATER SUPPLY SCHEME) NEAR GYASI MATA MANDIR,2023,DRAIN,HIMACHAL PRADESH,9.0,19.0,7.1,8.2,7.9,8.4,114,766.0,1,1.0,0.3,2.2,9,39.0,20,1600.0,2,,Good,25.019451370449012,31.367984719640145,77.13031698560276
4474,HALOG NALLAH NEAR HALOG WATER SUPPLY SCHEME,2023,DRAIN,HIMACHAL PRADESH,8.0,13.0,9.4,9.6,7.6,8.3,97,347.0,1,1.0,0.4,1.4,2,170.0,7,1600.0,2,,Good,16.069579964747373,30.83023311571687,77.39959953182733
4481,HATHLI NALLAH LIFT WATER SUPPLY SCHEME FOR MUNICIPAL COUNCIL HAMIRPUR,2023,DRAIN,HIMACHAL PRADESH,19.0,28.0,7.6,8.5,6.6,7.9,278,680.0,1,2.3,0.3,8.5,2,6.0,21,47.0,2,,Good,24.256261390043846,30.71966096174193,77.56577742689907
5253,"HURLA NALLA D/S HURLA BRIDGE, VPO HURLA, TEHSIL BHUNTER, DIS. KULLU",2023,DRAIN,HIMACHAL PRADESH,5.0,18.0,7.3,8.3,7.1,8.5,60,155.0,1,1.0,0.3,0.7,31,94.0,140,540.0,2,,Good,6.9385674320099024,30.760817714975378,77.01359867162712
4426,RAW WATER FOR LWSS OF JAGROTI NALLAH,2023,DRAIN,HIMACHAL PRADESH,8.0,14.0,7.6,9.3,7.6,8.3,92,156.0,1,1.0,0.3,1.0,2,130.0,2,1600.0,2,,Good,6.941847945192427,31.093876088749628,76.88780466260648
4454,JARANGLA NALLAH U/S WATER SUPPLY SCHEME,2023,DRAIN,HIMACHAL PRADESH,8.0,15.0,8.8,9.4,7.5,8.3,110,485.0,1,1.0,0.4,5.3,2,20.0,23,3500.0,2,,Good,20.77232964473362,31.189863569322664,77.49444674907942
4466,JARANGLA NALLAH D/S WATER SUPPLY SCHEME,2023,DRAIN,HIMACHAL PRADESH,8.0,15.0,8.8,9.4,7.5,8.4,112,524.0,1,1.0,0.4,4.2,2,20.0,33,3500.0,2,,Good,21.740639492694683,31.159881149669186,77.2066475031099
5257,"KALAM NALLA D/S OF MSW PROCESSING SITE AT CHOWRI, DIST. CHAMBA",2023,DRAIN,HIMACHAL PRADESH,10.0,16.0,8.5,9.1,7.0,8.1,125,282.0,1,1.0,0.5,2.0,2,22.0,47,1600.0,2,,Good,12.442491553515701,30.95868992745773,77.55319229668406
4477,KHALADA NALLAH NEAR WATER SUPPLY SCHEME FOR KULLU TOWN,2023,DRAIN,HIMACHAL PRADESH,2.0,18.0,7.8,8.8,7.2,8.0,67,230.0,1,1.0,0.3,2.9,32,110.0,140,920.0,2,,Good,9.139639563557568,31.49569292352996,77.28268352000151
4455,KLUIN NALLAH U/S WATER SUPPLY SCHEME,2023,DRAIN,HIMACHAL PRADESH,8.0,13.0,9.0,9.5,7.0,8.2,77,496.0,1,1.0,0.3,1.7,2,40.0,94,3500.0,2,,Good,21.057642879942822,31.168596175396637,77.56853041968839
4482,LIFT WATER SUPPLY SCHEME (PANJARAR) AND BHOTA ROPARI & UJHAN,2023,DRAIN,HIMACHAL PRADESH,19.0,28.0,7.5,8.5,6.5,8.1,312,689.0,1,2.1,0.3,1.6,2,4.0,17,70.0,2,,Good,24.60439073632897,31.00891293809884,77.21025664331437
4036,"KUNNI PUL, VILL SAMAHU, PO KUNIHAR, TEHSIL ARKI",2023,DRAIN,HIMACHAL PRADESH,10.0,15.0,7.4,7.8,7.9,8.4,231,3640.0,1,1.8,1.2,5.3,2,12.0,21,350.0,2,,Good,40.2393670211962,31.14555857529432,77.19454074712442
4430,LIFT NALLAH BEFORE CONFLUENCE TO ASHWANI KHAD NEAR DOGRHA BRIDGE,2023,DRAIN,HIMACHAL PRADESH,9.0,23.0,6.4,8.1,5.9,8.3,83,828.0,1.5,12.0,0.3,6.9,17,350.0,540,1600.0,7,,Poor,40.527570174055086,31.301067544725203,76.88174232245774
4475,"MACHADA NALLAH, MAJHOUTI WATER SUPPLY SCHEME NEAR NIRATH",2023,DRAIN,HIMACHAL PRADESH,8.0,13.0,9.3,9.7,7.5,8.3,116,359.0,1,1.0,0.3,2.3,7,170.0,21,1600.0,2,,Good,16.62760384574913,31.24018631476255,77.0579641367871
4476,MANALSU NALLAH NEAR WATER SUPPLY SCHEME FOR MANALI TOWN,2023,DRAIN,HIMACHAL PRADESH,3.0,12.0,8.0,9.2,6.6,8.5,33,76.0,1,1.0,0.3,0.7,26,140.0,84,540.0,2,,Good,6.735014608317777,30.91673564613025,76.7943748538371
4034,SAHU NALLAH U/S BHURI SINGH SHEP,2023,DRAIN,HIMACHAL PRADESH,8.0,15.0,8.8,9.7,7.6,8.2,130,286.0,1,1.0,0.5,3.1,2,68.0,94,5400.0,2,,Good,12.663542970599956,30.757867867542753,76.90171614361572
4035,SAHU NALLAH D/S BHURI SINGH SHEP,2023,DRAIN,HIMACHAL PRADESH,8.0,14.0,8.5,9.7,7.5,8.2,129,292.0,1,1.0,0.6,2.6,2,93.0,63,9200.0,2,,Good,12.986982548114618,31.000867358331284,77.369909754166
4462,SAINJ NALLAH (U/S SAINJ WATER SUPPLY SCHEME AT DARGI),2023,DRAIN,HIMACHAL PRADESH,9.0,19.0,7.0,8.2,7.6,8.4,104,682.0,1,1.0,0.3,2.6,5,34.0,26,1600.0,2,,Good,24.667282700113542,31.20857400561725,76.79771975194303
3867,SARVARI NALLAH BEFORE CONFLUENCE TO RIVER BEAS,2023,DRAIN,HIMACHAL PRADESH,3.0,18.0,7.6,8.5,7.2,7.9,110,218.0,1,1.0,0.3,1.6,22,150.0,79,540.0,2,,Good,8.247231047064401,30.87293920793187,77.06663447779499
1870,"SUKHANA NALLAH AT PARWANOO NEAR KALKA BARRIER, EXIT POINT OF H. P.",2023,DRAIN,HIMACHAL PRADESH,8.0,11.0,4.3,8.7,7.4,8.3,253,1284.0,1,26.0,0.5,15.7,2,1600.0,21,1600.0,2,,Poor,41.26970547959699,31.30700444299105,77.46327700227043
3875,SURAJMUKHI NALLAH U/S WSS GALAYANA D/S OF SHOOLINI UNIVERSITY,2023,DRAIN,HIMACHAL PRADESH,7.0,9.0,7.2,8.8,7.7,8.3,223,853.0,1,7.5,2.8,10.4,2,33.0,24,540.0,2,,Poor,40.27762550681537,30.75802918508329,77.32754217400588
4480,SURAJMUKHI NALLAH D/S STP AT U/S OF SHOOLINI UNIVERSITY SAMTI SOLAN,2023,DRAIN,HIMACHAL PRADESH,6.0,8.0,6.8,8.5,7.7,8.3,221,824.0,1,2.6,1.9,8.8,2,24.0,26,350.0,2,,Good,25.135836592073932,30.913052078862833,77.32615371365294
2789,"NALA AT D/S OF AKLAI MANDIR, VILLAGE- AKLAI, TALUKA- MALSHIRAS, DISTRICT- SOLAPUR.",2023,DRAIN,MAHARASHTRA,26.0,36.0,4.4,5.2,7.2,8.1,1245,1750.0,7.2,13.0,0.3,2.4,20,150.0,150,900.0,7,,Poor,40.58241976463425,19.995303650994675,75.46480944076424
2178,"CHIKHALI NALA MEETS GODAVARI RIVER, VILLAGE- CHIKHALI, TALUKA- NASHIK, DISTRICT- NASHIK.",2023,DRAIN,MAHARASHTRA,20.0,29.0,0.3,6.0,7.4,8.0,762,1066.0,3,18.0,0.7,4.9,4,170.0,45,180.0,2,,Poor,40.852634832950024,19.50624742609866,75.66742342459874
2790,"PIMPAL-PANERI NALA AT RATNAGIRI NEAR FINOLEX INDUSTRIES, VILLAGE- YAHGANIGAON, TALUKA- RATNAGIRI, DISTRICT- RATNAGIRI.",2023,DRAIN,MAHARASHTRA,26.0,31.0,7.0,7.9,6.0,7.2,245,5476.0,1.8,3.0,0.3,1.7,6,11.0,21,43.0,2,,Poor,40.38575812695765,19.863068704703952,75.77916192587543
3923,GURADIH NALLAH AT PANPOSH,2023,DRAIN,ODISHA,23.0,31.0,1.2,6.8,6.9,7.7,328,717.0,4.3,8.0,0.3,9.7,3300,54000.0,7900,160000.0,13,,Poor,40.3056419345165,20.971436247298985,85.49030136613096
20046,MADURAI,2023,STP,TAMIL NADU,25.0,39.0,0.3,6.0,6.7,7.9,1357,1563.0,4,18.0,0.3,1.0,2,11000.0,2,22000.0,2,,Poor,40.852634832950024,11.46694637631948,78.4200249801865
3054,"RIVER GODAVARI - OUTLET OF ASH POND EFFLUENTS OF M/S.NTPC, RAMAGUNDAM",2023,DRAIN,TELANGANA,25.0,29.0,1.6,6.0,8.5,11.2,599,1043.0,1,5.4,0.9,3.8,2,17.0,17,280.0,2,,Poor,40.15931385592393,17.92303741638969,78.81748632140989
4665,"RIVER MANERU (TRIBUTARY OF GODAVARI) - OUTLET OF KTPP ASH POND JOINING TO MORANCHA VAGU, CHELPUR (V), GHANPUR (MULUGU) (M), , JAYASHANKAR BHUPALAPALLI DISTRICT",2023,DRAIN,TELANGANA,25.0,28.0,2.8,6.1,7.5,8.8,522,856.0,1.8,3.2,0.4,17.0,2,2.0,26,58.0,2,,Poor,40.03428553413183,17.76516887254722,78.82903846701834
3055,"AMBERPET STP (339 MLD) - OUTLET , AMBERPET (V&M), HYDERABAD",2023,STP,TELANGANA,25.0,31.0,0.9,4.6,6.9,8.2,1322,1659.0,4.4,30.0,4.2,8.0,4,46.0,220,920.0,2,,Poor,41.470378500673256,18.300452770630937,79.21943793063839
3050,WATER WORKS- GHAZIABAD,2023,WATER TREATMENT PLANT (RAW WATER),UTTAR PRADESH,18.0,26.0,0.3,11.0,7.1,7.5,160,201.0,1,1.0,0.3,0.3,2,2.0,2,2.0,2,,Poor,7.105076466694229,27.064442423634596,80.91178026194856
